lon,lat,X1_ER,X2_FAI,X3_PSI,X4_GIV,X5_GAV,PCGDP,year
119.3,26.08,0.4023,357.53,1,63.88,0,128719,2013
119.3,26.07,0.1648,299.14,1,24.45,0,67263,2013
119.32,26.05,0.142,374.93,0.9854,187.27,2.78,45427,2013
119.45,26,0.4126,145.24,0.9741,212.15,5.63,138921,2013
119.32,26.08,0.1075,350.94,0.9534,96.88,4.74,48914,2013
119.52,25.97,0.1044,549.41,0.7572,275.07,88.22,53107,2013
119.38,25.72,0.1153,335.76,0.8825,304.7,40.58,69330,2013
119.13,26.15,0.11,449.94,0.8631,205.93,32.65,54665,2013
119.53,26.2,0.1443,342.27,0.4893,102.62,107.12,53263,2013
119.55,26.48,0.1253,141.15,0.7877,105.17,28.34,78974,2013
118.85,26.22,0.1241,38.88,0.7332,57.09,20.77,50006,2013
118.93,25.87,0.0611,62.46,0.2346,10.86,35.44,43852,2013
119.78,25.52,0.0429,335.71,0.1929,8.44,35.32,39339,2013
118.08,24.45,0.4003,206.22,0.9935,78.1,0.51,93527,2013
117.98,24.47,0.3383,240.8,0.994,276.88,1.68,137587,2013
118.08,24.52,0.2658,239.35,1,341,0,74711,2013
118.1,24.57,0.2523,279.57,0.9862,193.72,2.72,65713,2013
118.15,24.73,0.1619,159.92,0.8964,105.18,12.15,43556,2013
118.23,24.62,0.2392,211.41,0.9605,217.29,8.93,104728,2013
119,25.43,0.1635,160.24,0.8527,70.32,12.15,55504,2013
119.1,25.45,0.2469,216.15,0.9276,227.28,17.75,72455,2013
119.02,25.43,0.2087,216.15,0.8833,129.23,17.08,51419,2013
119.08,25.32,0.0604,373.97,0.7406,112.43,39.38,45603,2013
118.68,25.37,0.0903,190.65,0.7795,99.74,28.22,28630,2013
117.63,26.27,0.1589,114.33,0.9657,101.71,3.61,118343,2013
117.6,26.23,0.1435,118.52,0.8105,47.02,10.99,53167,2013
117.37,25.98,0.0838,185.05,0.843,144.04,26.83,77587,2013
117.2,26.37,0.0669,51.93,0.5702,17.26,13.01,48804,2013
116.82,26.18,0.1021,64.41,0.6366,24.51,13.99,50609,2013
116.65,26.27,0.0373,106.31,0.5464,29.49,24.48,33232,2013
117.85,25.7,0.0648,157.73,0.723,65.19,24.97,43529,2013
118.18,26.17,0.0447,134.85,0.561,54.99,43.03,44564,2013
117.78,26.4,0.0857,146.27,0.7581,77.18,24.63,72002,2013
117.47,26.73,0.0638,76.16,0.7027,35.88,15.18,59242,2013
117.17,26.9,0.0607,61.43,0.6345,24.3,14,63394,2013
116.83,26.83,0.0564,66.13,0.5235,17.84,16.24,55493,2013
118.6,24.92,0.3342,99.41,0.9992,171.49,0.13,76668,2013
118.6,24.92,0.1906,190.71,0.988,119.74,1.46,75788,2013
118.67,24.95,0.2054,60.83,0.9554,82.05,3.83,62470,2013
118.88,25.12,0.0851,136.85,0.9457,182.04,10.46,92828,2013
118.65,24.73,0.197,287.01,0.941,311.03,19.5,86614,2013
118.58,24.82,0.234,616.79,0.9785,867.7,19.07,66917,2013
118.38,24.97,0.0895,337.6,0.9462,415.3,23.61,49010,2013
118.8,25.03,0.2614,395.33,0.9246,348.35,28.39,64262,2013
118.18,25.07,0.1155,180.44,0.8478,188.28,33.81,38376,2013
118.3,25.32,0.1218,70.97,0.8639,134.15,21.14,57453,2013
118.23,25.5,0.109,67.57,0.8824,72.44,9.65,54753,2013
117.65,24.52,0.1088,136.73,0.9481,139.88,7.66,66553,2013
117.72,24.52,0.1622,135.05,0.9199,53.96,4.7,69905,2013
117.82,24.45,0.1052,303.85,0.8145,252.44,57.49,56842,2013
117.33,23.95,0.0574,115.53,0.6706,49.58,24.35,29336,2013
117.62,24.13,0.0592,185.44,0.5779,81.84,59.77,32299,2013
117.18,23.72,0.0483,111.24,0.6059,55.97,36.41,25144,2013
117.75,24.62,0.1625,201.9,0.8463,88.63,16.1,69719,2013
117.43,23.7,0.0659,117.43,0.6475,52.9,28.8,58620,2013
117.37,24.52,0.0623,136.62,0.6474,76.28,41.54,51499,2013
117.3,24.37,0.0474,96.49,0.3777,30.42,50.11,28318,2013
117.53,25.02,0.0937,95.1,0.6556,35.41,18.6,50330,2013
118.17,26.65,0.0882,130.94,0.7163,85.27,33.77,51454,2013
118.12,27.33,0.1096,193.33,0.6879,63.87,28.98,59600,2013
117.48,27.37,0.089,229.41,0.5389,25.95,22.2,47779,2013
118.03,27.77,0.0417,174.68,0.513,49.06,46.58,34887,2013
118.32,27.03,0.0598,178.68,0.6248,50.66,30.42,43019,2013
117.8,26.8,0.0735,30.83,0.5549,23.2,18.61,40125,2013
118.53,27.92,0.0465,101.07,0.5222,28.31,25.9,31726,2013
117.33,27.55,0.0556,33.66,0.4038,18.34,27.08,47308,2013
118.78,27.53,0.0634,28.38,0.4689,10.1,11.44,29721,2013
118.85,27.37,0.0623,39.89,0.5023,12.14,12.03,23305,2013
117.03,25.1,0.0718,475.6,0.925,293.65,23.82,82658,2013
116.73,24.72,0.1161,122.42,0.7008,53.71,22.93,64492,2013
117.42,25.3,0.1188,133.8,0.6649,50.93,25.67,35879,2013
116.35,25.83,0.0711,130.01,0.7423,72.92,25.31,46828,2013
116.42,25.05,0.1058,134.63,0.7614,88.15,27.62,54522,2013
116.1,25.1,0.0757,143.69,0.5721,36.17,27.05,43785,2013
116.75,25.72,0.0664,129.76,0.6489,46.97,25.41,50213,2013
119.52,26.67,0.1117,238.47,0.638,54.21,30.76,48943,2013
119.65,27.08,0.08,163.41,0.8183,172.94,38.39,54006,2013
120.22,27.33,0.0985,176.1,0.7995,135.21,33.91,46467,2013
120,26.88,0.0385,88.36,0.4305,33.88,44.82,32740,2013
118.75,26.58,0.0612,46.42,0.5557,43.52,34.8,38457,2013
118.98,26.92,0.0582,25.08,0.6116,18.71,11.88,38851,2013
119.5,27.47,0.0614,40.62,0.5714,18.61,13.96,32179,2013
119.33,27.12,0.0729,27.69,0.6718,16.25,7.94,36738,2013
119.9,27.23,0.0754,35.95,0.7474,21.3,7.2,47696,2013
119.3,26.08,0.398,400.57,1,70.66,0,142426,2014
119.3,26.07,0.1573,339.16,1,26.99,0,73967,2014
119.32,26.05,0.1515,428.81,0.9873,207.6,2.66,49911,2014
119.45,26,0.3885,216.97,0.9766,234.23,5.61,151383,2014
119.32,26.08,0.1058,415.74,0.9578,107.46,4.73,53763,2014
119.52,25.97,0.1213,394.84,0.8871,335.53,42.72,75561,2014
119.38,25.72,0.1406,642.93,0.7742,302.65,88.27,57444,2014
119.13,26.15,0.1209,535.77,0.8728,228.47,33.31,59471,2014
119.53,26.2,0.0581,424.71,0.511,115.94,110.96,56779,2014
119.55,26.48,0.1282,158.06,0.779,107.91,30.61,83620,2014
118.85,26.22,0.151,49.4,0.7306,62.56,23.07,55586,2014
118.93,25.87,0.0801,77.95,0.234,12.1,39.61,49812,2014
119.78,25.52,0.0438,273.95,0.2138,9.34,34.34,41765,2014
118.08,24.45,0.4056,234.28,0.9965,85.98,0.3,100346,2014
117.98,24.47,0.3419,293.42,0.9954,293.1,1.36,151789,2014
118.08,24.52,0.2744,320.5,0.9966,316.98,1.09,75564,2014
118.1,24.57,0.2453,299.21,0.9888,206.17,2.33,73329,2014
118.15,24.73,0.1587,161.04,0.9164,116.43,10.62,45849,2014
118.23,24.62,0.2582,253.71,0.9666,232.17,8.03,110038,2014
119,25.43,0.1694,186.89,0.8742,79.55,11.45,61375,2014
119.1,25.45,0.2341,272.92,0.9389,236.08,15.36,76757,2014
119.02,25.43,0.2178,245.01,0.9005,144.68,15.98,57630,2014
119.08,25.32,0.0665,489.03,0.7796,134.5,38.02,52070,2014
118.68,25.37,0.1032,221.57,0.8028,118.24,29.04,32731,2014
117.63,26.27,0.1507,134.45,0.9667,108.41,3.73,125386,2014
117.6,26.23,0.1331,142.55,0.8131,50.41,11.59,57059,2014
117.37,25.98,0.0833,220.06,0.8538,158.54,27.14,85410,2014
117.2,26.37,0.0669,62.73,0.577,18.92,13.87,54663,2014
116.82,26.18,0.1156,76.54,0.6416,27.1,15.14,56189,2014
116.65,26.27,0.0389,127.6,0.5534,32.01,25.83,36938,2014
117.85,25.7,0.0619,189.98,0.7194,69.45,27.09,47806,2014
118.18,26.17,0.0444,161.19,0.5625,59.95,46.63,50050,2014
117.78,26.4,0.0851,171.95,0.7643,84.46,26.04,78932,2014
117.47,26.73,0.0662,90.45,0.7016,38.09,16.2,65069,2014
117.17,26.9,0.0605,73.58,0.6475,26.34,14.34,69308,2014
116.83,26.83,0.0561,78.87,0.5293,19.4,17.25,61272,2014
118.6,24.92,0.3081,115.82,0.9993,180.96,0.12,80329,2014
118.6,24.92,0.2039,240.56,0.9894,123.11,1.32,80118,2014
118.67,24.95,0.2116,74.27,0.9578,88.41,3.9,64822,2014
118.88,25.12,0.0865,165.5,0.9543,217.89,10.43,106453,2014
118.65,24.73,0.1713,345.49,0.9469,347.33,19.49,95350,2014
118.58,24.82,0.2108,748.37,0.9806,942.44,18.64,72645,2014
118.38,24.97,0.0892,414.83,0.9516,457.61,23.28,53459,2014
118.8,25.03,0.2434,360.02,0.9348,399.1,27.85,70846,2014
118.18,25.07,0.1196,232.42,0.8497,200.23,35.41,41163,2014
118.3,25.32,0.1161,91.96,0.8734,150.64,21.84,63651,2014
118.23,25.5,0.1112,85.07,0.8898,81.37,10.08,60231,2014
117.65,24.52,0.1141,139.45,0.9545,152.72,7.28,71902,2014
117.72,24.52,0.1658,166.4,0.925,59.84,4.85,79083,2014
117.82,24.45,0.0989,389.72,0.8302,272.97,55.82,62289,2014
117.33,23.95,0.0632,149.67,0.708,57.55,23.74,32848,2014
117.62,24.13,0.0675,280,0.6497,111.45,60.09,38517,2014
117.18,23.72,0.052,148.27,0.6417,63.85,35.65,27717,2014
117.75,24.62,0.1669,238.28,0.8629,99.89,15.87,77420,2014
117.43,23.7,0.0614,130.01,0.6824,59.71,27.79,64184,2014
117.37,24.52,0.0651,171.01,0.6467,85.64,46.78,57836,2014
117.3,24.37,0.0486,123.8,0.4083,36.27,52.57,32061,2014
117.53,25.02,0.0933,100.32,0.6663,40.06,20.06,55970,2014
118.17,26.65,0.1314,202.8,0.7213,86.28,33.33,56115,2014
118.12,27.33,0.063,234.42,0.6441,57.28,31.65,48077,2014
117.48,27.37,0.1016,264.11,0.7045,72.12,30.25,67547,2014
118.03,27.77,0.0992,233.98,0.5587,29.68,23.44,53695,2014
118.32,27.03,0.0413,210.03,0.5274,55.03,49.31,38878,2014
117.8,26.8,0.0703,46.15,0.5684,25.96,19.71,44824,2014
118.53,27.92,0.055,124.82,0.5386,32.62,27.94,36114,2014
117.33,27.55,0.0519,37.36,0.3914,19.97,31.05,52535,2014
118.78,27.53,0.0655,41.73,0.4802,11.15,12.07,33350,2014
118.85,27.37,0.0626,55.67,0.5171,13.76,12.85,26225,2014
117.03,25.1,0.1093,580.57,0.929,307.3,23.47,86870,2014
116.73,24.72,0.0773,161.16,0.7475,79.87,26.98,51473,2014
117.42,25.3,0.1135,143.91,0.7114,60.55,24.56,71845,2014
116.35,25.83,0.1203,165.22,0.6791,57.38,27.11,39727,2014
116.42,25.05,0.1286,167.92,0.7771,99.61,28.57,61187,2014
116.1,25.1,0.0792,179.99,0.5869,41.44,29.17,49037,2014
116.75,25.72,0.0713,159.67,0.6544,52.88,27.93,56354,2014
119.52,26.67,0.1502,313.72,0.6612,62.03,31.78,54415,2014
119.65,27.08,0.0853,209.94,0.8209,189.38,41.32,58912,2014
120.22,27.33,0.1061,213.63,0.807,158.05,37.81,52848,2014
120,26.88,0.035,113.18,0.4279,35.62,47.62,35949,2014
118.75,26.58,0.0689,63.57,0.5853,50.73,35.94,42848,2014
118.98,26.92,0.0579,33.59,0.6205,21.29,13.02,43172,2014
119.5,27.47,0.0589,53.98,0.5874,21.18,14.88,36137,2014
119.33,27.12,0.0736,37.3,0.683,18.1,8.4,40228,2014
119.9,27.23,0.0767,47.53,0.7524,22.55,7.42,51412,2014
119.3,26.08,0.418569444,449.05,1,71.83,0,157849,2015
119.3,26.07,0.153042553,389.57,1,26.19,0,79067,2015
119.32,26.05,0.165047323,493.67,0.988864443,220.23,2.48,54378,2015
119.45,26,0.370414343,273.8,0.977308595,229.13,5.32,157275,2015
119.32,26.08,0.104959668,484.32,0.965423034,113.08,4.05,59529,2015
119.52,25.97,0.138748834,765.48,0.775015461,313.3,90.95,61169,2015
119.38,25.72,0.124293706,447.22,0.889309463,347.72,43.28,80107,2015
119.13,26.15,0.120400285,383.4,0.875371573,238.53,33.96,62810,2015
119.53,26.2,0.073917384,518.66,0.50570828,122.7,119.93,60925,2015
119.55,26.48,0.129736842,137.34,0.757819803,105.39,33.68,86835,2015
118.85,26.22,0.172710084,62,0.719520246,65.39,25.49,59578,2015
118.93,25.87,0.149777778,79.97,0.243119266,12.72,39.6,52159,2015
119.78,25.52,0.04364186,343.2,0.201111111,9.05,35.95,44616,2015
118.08,24.45,0.403499495,236.24,0.982737361,79.7,1.4,107159,2015
117.98,24.47,0.404740964,369.5,0.995137763,294.72,1.44,155772,2015
118.08,24.52,0.290263054,315.35,0.999393645,329.64,0.2,76608,2015
118.1,24.57,0.232546584,383.25,0.989186603,206.74,2.26,77386,2015
118.15,24.73,0.148729779,226.92,0.921370183,118.35,10.1,46461,2015
118.23,24.62,0.280670659,356.39,0.968030882,258.29,8.53,114233,2015
119,25.43,0.174592075,227.36,0.890221402,86.85,10.71,66594,2015
119.1,25.45,0.219506198,327.48,0.940629285,253.81,16.02,83258,2015
119.02,25.43,0.231439072,281.76,0.904081175,161.27,17.11,64151,2015
119.08,25.32,0.083022109,605.95,0.77844898,143.04,40.71,56155,2015
118.68,25.37,0.091034038,279.8,0.818494981,137.81,30.56,36483,2015
117.63,26.27,0.257603352,148.37,0.96253254,103.53,4.03,126935,2015
117.6,26.23,0.14613,171.08,0.808846273,52.3,12.36,61044,2015
117.37,25.98,0.0806,258.59,0.854053489,163.5,27.94,90138,2015
117.2,26.37,0.064421569,76.14,0.584939223,19.73,14,57714,2015
116.82,26.18,0.134294118,91.07,0.639348079,27.46,15.49,59675,2015
116.65,26.27,0.039857651,153.7,0.562275141,32.82,25.55,39079,2015
117.85,25.7,0.060230032,229.26,0.717483364,71.16,28.02,50391,2015
118.18,26.17,0.043470423,192.54,0.565880848,61.93,47.51,53127,2015
117.78,26.4,0.08056087,206.76,0.76301286,87.22,27.09,83476,2015
117.47,26.73,0.065266667,108.34,0.6998557,38.8,16.64,68147,2015
117.17,26.9,0.0611875,87.35,0.627070516,26.5,15.76,74422,2015
116.83,26.83,0.054844262,95.44,0.534105873,20.28,17.69,65918,2015
118.6,24.92,0.281238426,130.2,0.999455041,201.74,0.11,87672,2015
118.6,24.92,0.177258407,276.83,0.988723256,128.01,1.46,85725,2015
118.67,24.95,0.195119617,85.45,0.960438659,93.71,3.86,67904,2015
118.88,25.12,0.077701538,196.12,0.948877442,195.26,10.52,102743,2015
118.65,24.73,0.16731918,408.28,0.945702585,348.69,20.02,99526,2015
118.58,24.82,0.18171078,886.56,0.980232887,971.45,19.59,78227,2015
118.38,24.97,0.088644309,498.35,0.950884165,478.58,24.72,57353,2015
118.8,25.03,0.258952764,434.5,0.937025846,431.06,28.97,75766,2015
118.18,25.07,0.124825871,281.33,0.843504609,197.65,36.67,42339,2015
118.3,25.32,0.116851528,110.79,0.870098316,153.99,22.99,67036,2015
118.23,25.5,0.110517606,97.84,0.89956883,85.54,9.55,64438,2015
117.65,24.52,0.170144558,177.95,0.953705303,165.63,8.04,79179,2015
117.72,24.52,0.165593583,207.4,0.933323876,65.79,4.7,88582,2015
117.82,24.45,0.098919614,501.25,0.837741808,297.08,57.54,68938,2015
117.33,23.95,0.064011933,196.12,0.688647836,64.12,28.99,37757,2015
117.62,24.13,0.065898657,324.06,0.619402529,101.39,62.3,39083,2015
117.18,23.72,0.050561779,192.78,0.64329822,70.84,39.28,31301,2015
117.75,24.62,0.186365297,280.08,0.866338207,109.02,16.82,85525,2015
117.43,23.7,0.05986758,160.19,0.678038602,64.99,30.86,71582,2015
117.37,24.52,0.066994152,206.39,0.678148469,93.91,44.57,62332,2015
117.3,24.37,0.047418651,151.37,0.438889491,40.47,51.74,34403,2015
117.53,25.02,0.100337423,80.26,0.63220339,44.76,26.04,64380,2015
118.17,26.65,0.138760593,230.73,0.700768574,82.06,35.04,58824,2015
118.12,27.33,0.062529221,284.16,0.655844156,62.62,32.86,50603,2015
117.48,27.37,0.109300366,344.7,0.718271335,78.78,30.9,70194,2015
118.03,27.77,0.086827586,301.01,0.56612447,32.02,24.54,59991,2015
118.32,27.03,0.040687361,253.32,0.532079949,58.3,51.27,44002,2015
117.8,26.8,0.066335106,61.03,0.583210913,27.79,19.86,48485,2015
118.53,27.92,0.056326599,130.15,0.535301098,36.09,31.33,39946,2015
117.33,27.55,0.0595,48.71,0.364950938,21.2,36.89,58772,2015
118.78,27.53,0.068428571,54.33,0.497972425,12.28,12.38,36169,2015
118.85,27.37,0.064150602,66.8,0.544254908,16.91,14.16,30187,2015
117.03,25.1,0.108193277,675.97,0.924268962,311.34,25.51,89821,2015
116.73,24.72,0.079166205,203.57,0.737418723,82.79,29.48,55064,2015
117.42,25.3,0.117676349,173.71,0.715837814,63.91,25.37,77579,2015
116.35,25.83,0.113335,203.22,0.68024371,60.29,28.34,42323,2015
116.42,25.05,0.118948925,215.96,0.775601448,109.29,31.62,67903,2015
116.1,25.1,0.085347826,226.82,0.5840085,43.97,31.32,53327,2015
116.75,25.72,0.069853659,200.81,0.654913639,54.98,28.97,60759,2015
119.52,26.67,0.174979711,337.11,0.686410159,72.43,33.09,60409,2015
119.65,27.08,0.080335664,233.5,0.821888325,202.39,43.86,62174,2015
120.22,27.33,0.109700465,266.63,0.805806512,171.25,41.27,57031,2015
120,26.88,0.032294941,117.97,0.420852018,37.54,51.66,39125,2015
118.75,26.58,0.068868957,70.24,0.589998906,53.92,37.47,45796,2015
118.98,26.92,0.059137681,43.11,0.620281069,22.51,13.78,46290,2015
119.5,27.47,0.05738764,63.47,0.590245175,22.63,15.71,38882,2015
119.33,27.12,0.070415254,45.95,0.690081186,19.55,8.78,42174,2015
119.9,27.23,0.082748603,57.99,0.74575119,21.94,7.48,52426,2015
119.3,26.08,0.399462912,459.18,1,66.62,0,177232,2016
119.3,26.07,0.147098326,261.29,1,24.41,0,84985,2016
119.32,26.05,0.148576167,558.34,0.988866225,232.7,2.62,59179,2016
119.45,26,0.343145098,309.74,0.97543747,243.04,6.12,168419,2016
119.32,26.08,0.107031579,560.62,0.959503282,121.31,5.12,65221,2016
119.52,25.97,0.131583913,867.52,0.765071672,334.65,102.76,66526,2016
119.38,25.72,0.125642164,497.68,0.878546435,371.59,51.37,87808,2016
119.13,26.15,0.123276596,461.58,0.868809613,255.96,38.65,68799,2016
119.53,26.2,0.075950172,474.25,0.487555769,132.23,138.98,66690,2016
119.55,26.48,0.123755981,137.82,0.74000134,110.46,38.81,93560,2016
118.85,26.22,0.220021008,77.61,0.700821444,64.84,27.68,62252,2016
118.93,25.87,0.153166667,89.1,0.234917891,13.59,44.26,57063,2016
119.78,25.52,0.051320455,396.81,0.172174717,7.45,35.82,47301,2016
118.08,24.45,0.403845846,274.3,0.981188489,78.76,1.51,118025,2016
117.98,24.47,0.399868267,430.22,0.996227921,274.67,1.04,157375,2016
118.08,24.52,0.295169922,366.97,1,319.17,0,80405,2016
118.1,24.57,0.24467378,377.92,0.99173214,217.11,1.81,84231,2016
118.15,24.73,0.160705798,271.76,0.946321746,175.59,9.96,59822,2016
118.23,24.62,0.275843023,438.64,0.964708225,242.19,8.86,113221,2016
119,25.43,0.212636574,211.11,0.89415268,99.09,11.73,74081,2016
119.1,25.45,0.212635802,387.63,0.937636761,265.67,17.67,88396,2016
119.02,25.43,0.258602687,296.97,0.905523771,178.85,18.66,70830,2016
119.08,25.32,0.104981419,705.9,0.770439467,154.45,46.02,62519,2016
118.68,25.37,0.089887078,328.12,0.817654349,145.15,32.37,39663,2016
117.63,26.27,0.139162073,174.31,0.962349142,113.23,4.43,137026,2016
117.6,26.23,0.128860697,199.27,0.808035714,56.11,13.33,65711,2016
117.37,25.98,0.076288222,284.47,0.849608795,171.57,30.37,95916,2016
117.2,26.37,0.06572407,91.05,0.574917673,20.95,15.49,63203,2016
116.82,26.18,0.125036603,98.83,0.627856835,29.12,17.26,65312,2016
116.65,26.27,0.039341549,175.37,0.556125722,34.68,27.68,42018,2016
117.85,25.7,0.056927215,272.04,0.701010101,76.34,32.56,55491,2016
118.18,26.17,0.042354091,220.85,0.562579658,66.21,51.48,57714,2016
117.78,26.4,0.077871695,229.09,0.762562301,93.33,29.06,89386,2016
117.47,26.73,0.060615079,122.4,0.693902021,40.51,17.87,72138,2016
117.17,26.9,0.059566755,102.38,0.624306942,28.15,16.94,80204,2016
116.83,26.83,0.058008163,112.01,0.530797546,21.63,19.12,71616,2016
118.6,24.92,0.194489703,145.11,0.999401087,216.93,0.13,94387,2016
118.6,24.92,0.178311734,295.33,0.987982341,120.85,1.47,91229,2016
118.67,24.95,0.182896226,100.35,0.959315982,102.1,4.33,73439,2016
118.88,25.12,0.085072948,227.64,0.95681632,257.02,11.6,124584,2016
118.65,24.73,0.156787791,449.15,0.933975742,333.42,23.57,102652,2016
118.58,24.82,0.17366826,914.9,0.979080606,997.83,21.32,83657,2016
118.38,24.97,0.084961048,558.17,0.946595132,499.31,28.17,60583,2016
118.8,25.03,0.259119641,490.27,0.939783706,472.73,30.29,82005,2016
118.18,25.07,0.128972332,326.41,0.837871528,215.09,41.62,46244,2016
118.3,25.32,0.115282609,129.04,0.862504009,161.34,25.72,71813,2016
118.23,25.5,0.091449477,111.65,0.894574915,87.23,10.28,68060,2016
117.65,24.52,0.169700508,188.3,0.95259244,184.46,9.18,89228,2016
117.72,24.52,0.148193717,243.07,0.928878221,73.53,5.63,100952,2016
117.82,24.45,0.101106972,571.5,0.834540504,324.92,64.42,77249,2016
117.33,23.95,0.067095238,245.44,0.705646737,72.23,30.13,42841,2016
117.62,24.13,0.060152229,365.94,0.544826321,89.09,74.43,41634,2016
117.18,23.72,0.050188894,243.89,0.642489546,79.9,44.46,36141,2016
117.75,24.62,0.187220977,229.72,0.881928406,122.2,16.36,94617,2016
117.43,23.7,0.061444092,176.12,0.682572614,72.38,33.66,79973,2016
117.37,24.52,0.072188406,246.4,0.674403693,105.18,50.78,70705,2016
117.3,24.37,0.047587617,179.62,0.443445476,45.87,57.57,38333,2016
117.53,25.02,0.114783668,100.49,0.63488665,50.41,28.99,72871,2016
118.17,26.65,0.135993684,152.36,0.69442033,87.99,38.72,63075,2016
118.12,27.33,0.058660256,275.87,0.650490245,65.68,35.29,53094,2016
117.48,27.37,0.11708,339.81,0.725118893,83.86,31.79,75168,2016
118.03,27.77,0.084987179,259.61,0.55636896,34.2,27.27,64519,2016
118.32,27.03,0.03899117,262.18,0.522349185,62.17,56.85,48254,2016
117.8,26.8,0.063573684,71.89,0.579483164,29.6,21.48,52206,2016
118.53,27.92,0.05692953,133.9,0.487244254,38.58,40.6,45388,2016
117.33,27.55,0.050940741,49.06,0.368162463,22.48,38.58,61695,2016
118.78,27.53,0.063991736,54.88,0.492660896,13.09,13.48,38867,2016
118.85,27.37,0.062724551,70.26,0.496690568,18.01,18.25,34096,2016
117.03,25.1,0.11188,759.1,0.917057815,326.28,29.51,96214,2016
116.73,24.72,0.073333333,243.85,0.727189477,87.35,32.77,59285,2016
117.42,25.3,0.127677686,216.4,0.707088767,67.23,27.85,84373,2016
116.35,25.83,0.114024876,231.99,0.672019312,64.03,31.25,46097,2016
116.42,25.05,0.117446524,257.31,0.766107272,116.41,35.54,74083,2016
116.1,25.1,0.085638989,259.32,0.572074273,46.83,35.03,58467,2016
116.75,25.72,0.062757085,220.08,0.647731092,57.81,31.44,65805,2016
119.52,26.67,0.207836323,296.55,0.68948356,84.51,38.06,67489,2016
119.65,27.08,0.072743255,204.7,0.811583606,210.89,48.96,66072,2016
120.22,27.33,0.106537037,272.78,0.794085481,181.52,47.07,61825,2016
120,26.88,0.032625938,129.93,0.39887074,39.56,59.62,43323,2016
118.75,26.58,0.06007855,71.85,0.567471887,54.5,41.54,48877,2016
118.98,26.92,0.056757143,48.6,0.607853136,23.84,15.38,50173,2016
119.5,27.47,0.058811111,65.11,0.58984375,24.16,16.8,41670,2016
119.33,27.12,0.067102881,50.61,0.687336815,21.06,9.58,44142,2016
119.9,27.23,0.089524862,45.03,0.720698254,23.12,8.96,56600,2016
119.3,26.08,0.7954,525.49,1,65.2,0,195957,2017
119.3,26.07,0.4549,171.27,1,25.23,0,90212,2017
119.32,26.05,0.2385,658.41,0.9958,266.78,1.22,68255,2017
119.45,26,0.6115,353.76,0.9861,262.25,4.05,191199,2017
119.32,26.08,0.3184,659.89,0.9757,137.23,5.32,74680,2017
119.52,25.97,0.1326,605.61,0.9054,439.54,49.15,102112,2017
119.38,25.72,0.1368,1009.52,0.852,410.94,88.29,76475,2017
119.13,26.15,0.1358,561.42,0.9032,288.33,34.86,78884,2017
119.53,26.2,0.0633,441.96,0.5945,166.67,127.19,73566,2017
119.55,26.48,0.1093,167.64,0.7704,126.6,40.11,106769,2017
118.85,26.22,0.2078,91.97,0.7281,60.17,28.26,69553,2017
118.93,25.87,0.1565,111.63,0.5978,21.04,44.41,65558,2017
119.78,25.52,0.07,464.82,0.6596,6.64,33.72,50850,2017
118.08,24.45,0.6923,294.4,0.9892,83.01,1.74,131914,2017
117.98,24.47,0.988,431.45,0.9946,314.79,1.95,172574,2017
118.08,24.52,1.0377,359.43,1,378.19,0,92976,2017
118.1,24.57,0.6355,375.53,0.9922,250.05,2.34,93008,2017
118.15,24.73,0.2776,334.29,0.9627,229.5,9.78,70256,2017
118.23,24.62,0.3327,586.36,0.9776,291.8,7.65,128740,2017
119,25.43,0.2471,250.56,0.9454,101.69,8.46,82396,2017
119.1,25.45,0.2713,485.73,0.956,261.56,13.35,98092,2017
119.02,25.43,0.2625,362.41,0.9419,195.76,14.75,78313,2017
119.08,25.32,0.0728,770.13,0.8017,159.84,56,71229,2017
118.68,25.37,0.0829,403.25,0.9077,144.78,17.66,41800,2017
117.63,26.27,0.1879,205.71,0.9763,153.38,4.07,167588,2017
117.6,26.23,0.2078,234.8,0.8937,64.79,9.38,72630,2017
117.37,25.98,0.0969,314.93,0.8881,199.84,28.13,107460,2017
117.2,26.37,0.0775,106.5,0.6345,23.38,17.94,71669,2017
116.82,26.18,0.1279,115.58,0.706,34.99,20.75,76719,2017
116.65,26.27,0.0355,201.95,0.7216,41.22,23.02,45249,2017
117.85,25.7,0.0482,319.13,0.7297,88.72,37.55,63741,2017
118.18,26.17,0.0399,258.69,0.7063,76.47,41.16,61204,2017
117.78,26.4,0.0709,269.49,0.8341,107.74,25.09,98556,2017
117.47,26.73,0.0586,142.99,0.8049,48.16,16.11,79961,2017
117.17,26.9,0.0571,121.06,0.7866,31.44,11.7,83179,2017
116.83,26.83,0.0644,131.52,0.7626,25.49,15.15,77645,2017
118.6,24.92,0.3645,156.87,0.9995,244.98,0.12,106582,2017
118.6,24.92,0.4113,222.23,0.9935,124.62,1.24,102775,2017
118.67,24.95,0.2066,117.23,0.9722,114.84,3.66,82411,2017
118.88,25.12,0.0749,264.62,0.9775,360.77,9.29,158940,2017
118.65,24.73,0.342,512.31,0.9388,349.06,25.45,112070,2017
118.58,24.82,0.2427,1028.86,0.9836,1123.36,19.88,94470,2017
118.38,24.97,0.0837,659.07,0.9557,529.58,26.73,65421,2017
118.8,25.03,0.2591,523.44,0.9561,559.61,29.6,94177,2017
118.18,25.07,0.1255,362.76,0.849,230.02,46.94,50841,2017
118.3,25.32,0.0999,150.01,0.9118,191.11,20.6,80716,2017
118.23,25.5,0.0733,126.41,0.9327,100.29,9.27,76224,2017
117.65,24.52,0.2982,236.21,0.9698,214.56,8.02,99737,2017
117.72,24.52,0.2301,261.25,0.9475,86.38,6.27,115825,2017
117.82,24.45,0.1422,638.11,0.8725,377.46,66.78,87118,2017
117.33,23.95,0.074,309.72,0.7848,84.99,26.81,47502,2017
117.62,24.13,0.0648,379.28,0.668,105.08,69.8,45234,2017
117.18,23.72,0.0564,312.21,0.7055,92.87,45.37,40442,2017
117.75,24.62,0.2157,270.16,0.9158,143.52,13.8,107812,2017
117.43,23.7,0.0825,223.94,0.7358,84.37,34.08,91325,2017
117.37,24.52,0.0721,315.5,0.6994,123.09,58.3,82677,2017
117.3,24.37,0.0428,214.31,0.6287,53.47,41.44,39247,2017
117.53,25.02,0.1167,125.7,0.7219,59.39,27.23,79662,2017
118.17,26.65,0.156,200.66,0.8248,100.97,34.67,71241,2017
118.12,27.33,0.0768,344.17,0.7258,75.6,34.46,59434,2017
117.48,27.37,0.1148,386.82,0.8149,95.02,25.32,83494,2017
118.03,27.77,0.0987,267.79,0.7375,40.01,23.73,71068,2017
118.32,27.03,0.0377,313.95,0.6865,71.83,44.33,52247,2017
117.8,26.8,0.0636,106.11,0.7096,33.91,17.21,57672,2017
118.53,27.92,0.0519,165.85,0.6276,44.14,32.35,48327,2017
117.33,27.55,0.0519,64.47,0.4249,25.66,38.95,67293,2017
118.78,27.53,0.0561,66,0.6232,14.53,12.23,42969,2017
118.85,27.37,0.0595,74.33,0.6034,20.57,15.73,36794,2017
117.03,25.1,0.1892,845.98,0.9207,349.56,37,108382,2017
116.73,24.72,0.0584,290.31,0.8013,92.8,28.54,66669,2017
117.42,25.3,0.1325,253.88,0.7591,70.77,29.73,95463,2017
116.35,25.83,0.0874,272.94,0.7526,66.03,30.25,51741,2017
116.42,25.05,0.0952,312.15,0.7792,108.14,41.82,84593,2017
116.1,25.1,0.0697,280.77,0.7123,51.31,29.37,65448,2017
116.75,25.72,0.0586,263.09,0.7087,63.88,31.17,74235,2017
119.52,26.67,0.2507,328.65,0.8377,144.18,38.71,87385,2017
119.65,27.08,0.0746,231.99,0.8442,229.36,46.36,72118,2017
120.22,27.33,0.0991,283.8,0.7965,178.49,50.51,64289,2017
120,26.88,0.0342,149.49,0.5256,42.16,57.37,45530,2017
118.75,26.58,0.0534,66.27,0.5855,45.48,39.94,49092,2017
118.98,26.92,0.0531,58.84,0.6633,16.95,11.79,45205,2017
119.5,27.47,0.0483,58.78,0.6664,16.49,14.11,37191,2017
119.33,27.12,0.0465,57.31,0.7815,17.33,6.72,40727,2017
119.9,27.23,0.0922,52.3,0.7654,18.99,7.14,52435,2017
