,lon,lat,temp,hpa,wet,speed,dir,mm,height,t_time,pm25,pm25_24,pm10,pm10_24,aqi,time
0,116.61666670000001,40.13333333,15.1,1009.4,13.0,1.7,26.0,0.0,28.6,528.0,9.0,41.0,41.0,133.0,92.0,0.0
1,116.28333329999998,39.98333333,17.0,1006.9,12.0,1.8,59.0,0.0,45.8,528.0,20.0,25.0,66.0,63.0,57.0,0.0
2,115.96666670000002,40.45,11.2,957.1,11.0,1.3,157.0,0.0,487.9,528.0,17.0,26.0,,,87.0,0.0
3,116.86666670000001,40.38333333,14.8,1004.9,12.0,3.3,35.0,0.0,71.8,528.0,18.0,38.0,54.0,167.0,109.0,0.0
4,116.63333329999999,40.36666667,15.7,1004.1,11.0,2.3,56.0,0.0,75.7,528.0,14.0,37.0,51.0,133.0,92.0,0.0
5,117.11666670000001,40.65,12.6,979.7,9.0,3.2,30.0,0.0,293.3,528.0,3.0,54.0,32.0,286.0,168.0,0.0
6,117.11666670000001,40.16666667,17.6,1008.8,8.0,4.3,12.0,0.0,32.1,528.0,7.0,42.0,45.0,215.0,133.0,0.0
7,116.75,39.85,13.1,1010.2,25.0,1.0,42.0,0.0,19.8,528.0,15.0,27.0,47.0,106.0,78.0,0.0
8,116.5,39.95,16.3,1008.5,14.0,1.6,62.0,0.0,35.3,528.0,42.0,40.0,52.0,88.0,70.0,0.0
9,116.21666670000002,40.21666667,17.2,1003.9,8.0,3.6,356.0,0.0,76.2,528.0,13.0,33.0,20.0,39.0,47.0,0.0
10,116.1,39.93333333,20.2,1000.2,6.0,3.9,349.0,0.0,98.0,528.0,12.0,24.0,35.0,85.0,68.0,0.0
11,116.46666670000002,39.8,15.9,1008.8,14.0,1.9,99.0,0.0,31.3,528.0,16.0,27.0,61.0,101.0,76.0,0.0
12,116.2,39.95,17.7,1004.8,12.0,1.8,64.0,0.0,63.0,528.0,10.0,21.0,56.0,101.0,76.0,0.0
13,116.25,39.86666667,19.8,1005.8,9.0,2.0,57.0,0.0,55.2,528.0,18.0,27.0,64.0,107.0,79.0,0.0
14,116.35,39.71666667,15.0,1008.2,18.0,0.8,134.0,0.0,37.5,528.0,36.0,45.0,101.0,113.0,82.0,0.0
15,116.2,39.76666667,15.9,1006.7,16.0,0.9,77.0,0.0,48.9,528.0,27.0,29.0,65.0,57.0,54.0,0.0
16,116.61666670000001,40.13333333,15.1,1010.1,11.0,2.0,22.0,0.0,28.6,529.0,12.0,40.0,47.0,128.0,90.0,1.0
17,116.28333329999998,39.98333333,15.0,1007.8,16.0,1.1,59.0,0.0,45.8,529.0,13.0,24.0,21.0,60.0,55.0,1.0
18,115.96666670000002,40.45,10.3,957.6,13.0,0.9,44.0,0.0,487.9,529.0,8.0,25.0,31.0,118.0,85.0,1.0
19,116.86666670000001,40.38333333,13.9,1005.6,12.0,2.8,43.0,0.0,71.8,529.0,12.0,37.0,41.0,158.0,105.0,1.0
20,116.63333329999999,40.36666667,14.5,1004.8,13.0,3.6,49.0,0.0,75.7,529.0,15.0,35.0,48.0,127.0,89.0,1.0
21,117.11666670000001,40.65,11.8,980.2,9.0,3.6,32.0,0.0,293.3,529.0,3.0,52.0,50.0,275.0,163.0,1.0
22,117.11666670000001,40.16666667,17.2,1009.6,7.0,2.6,20.0,0.0,32.1,529.0,9.0,40.0,59.0,203.0,127.0,1.0
23,116.75,39.85,10.0,1011.2,63.0,1.0,143.0,0.0,19.8,529.0,31.0,26.0,37.0,101.0,76.0,1.0
24,116.5,39.95,13.1,1009.4,23.0,1.0,44.0,0.0,35.3,529.0,31.0,39.0,41.0,83.0,67.0,1.0
25,116.21666670000002,40.21666667,16.4,1004.2,9.0,4.4,351.0,0.0,76.2,529.0,12.0,31.0,22.0,37.0,45.0,1.0
26,116.1,39.93333333,17.0,1001.5,11.0,1.7,96.0,0.0,98.0,529.0,9.0,23.0,71.0,82.0,67.0,1.0
27,116.46666670000002,39.8,16.3,1009.6,11.0,1.9,76.0,0.0,31.3,529.0,4.0,26.0,50.0,97.0,74.0,1.0
28,116.2,39.95,16.4,1005.7,12.0,1.9,11.0,0.0,63.0,529.0,11.0,20.0,60.0,98.0,74.0,1.0
29,116.25,39.86666667,18.8,1006.7,8.0,2.2,45.0,0.0,55.2,529.0,21.0,25.0,53.0,103.0,77.0,1.0
30,116.35,39.71666667,14.6,1008.7,16.0,2.0,90.0,0.0,37.5,529.0,35.0,45.0,88.0,111.0,81.0,1.0
31,116.2,39.76666667,14.2,1007.2,18.0,2.1,88.0,0.0,48.9,529.0,46.0,28.0,94.0,57.0,54.0,1.0
32,116.61666670000001,40.13333333,14.5,1010.4,12.0,1.8,20.0,0.0,28.6,530.0,17.0,38.0,48.0,124.0,87.0,2.0
33,116.28333329999998,39.98333333,13.0,1008.1,34.0,0.8,61.0,0.0,45.8,530.0,12.0,23.0,27.0,58.0,55.0,2.0
34,115.96666670000002,40.45,9.0,957.6,23.0,0.6,81.0,0.0,487.9,530.0,21.0,25.0,53.0,115.0,83.0,2.0
35,116.86666670000001,40.38333333,13.0,1005.7,12.0,2.2,45.0,0.0,71.8,530.0,16.0,35.0,44.0,150.0,101.0,2.0
36,116.63333329999999,40.36666667,14.4,1004.7,10.0,3.6,55.0,0.0,75.7,530.0,12.0,34.0,42.0,121.0,86.0,2.0
37,117.11666670000001,40.65,10.9,980.4,11.0,3.6,12.0,0.0,293.3,530.0,14.0,50.0,67.0,263.0,157.0,2.0
38,117.11666670000001,40.16666667,15.2,1009.9,10.0,1.2,334.0,0.0,32.1,530.0,9.0,38.0,47.0,192.0,122.0,2.0
39,116.75,39.85,8.8,1011.3,62.0,1.6,43.0,0.0,19.8,530.0,4.0,23.0,41.0,97.0,74.0,2.0
40,116.5,39.95,11.4,1009.7,26.0,1.4,36.0,0.0,35.3,530.0,25.0,38.0,28.0,78.0,65.0,2.0
41,116.21666670000002,40.21666667,15.3,1004.7,9.0,2.1,40.0,0.0,76.2,530.0,10.0,30.0,21.0,36.0,43.0,2.0
42,116.1,39.93333333,13.4,1001.6,25.0,0.9,145.0,0.0,98.0,530.0,30.0,23.0,83.0,80.0,66.0,2.0
43,116.46666670000002,39.8,14.9,1009.7,14.0,2.0,42.0,0.0,31.3,530.0,10.0,25.0,43.0,92.0,71.0,2.0
44,116.2,39.95,15.3,1006.0,14.0,2.4,36.0,0.0,63.0,530.0,8.0,19.0,57.0,95.0,73.0,2.0
45,116.25,39.86666667,17.7,1006.8,10.0,3.4,70.0,0.0,55.2,530.0,13.0,25.0,60.0,101.0,76.0,2.0
46,116.35,39.71666667,15.6,1008.7,12.0,2.1,53.0,0.0,37.5,530.0,26.0,44.0,56.0,108.0,80.0,2.0
47,116.2,39.76666667,13.9,1007.5,15.0,2.3,82.0,0.0,48.9,530.0,44.0,28.0,91.0,58.0,54.0,2.0
48,116.61666670000001,40.13333333,13.7,1010.6,12.0,2.1,19.0,0.0,28.6,531.0,13.0,37.0,50.0,119.0,85.0,3.0
49,116.28333329999998,39.98333333,12.2,1008.2,31.0,2.0,52.0,0.0,45.8,531.0,9.0,22.0,21.0,56.0,54.0,3.0
50,115.96666670000002,40.45,8.8,957.4,14.0,1.8,129.0,0.0,487.9,531.0,37.0,25.0,65.0,111.0,81.0,3.0
51,116.86666670000001,40.38333333,12.3,1005.9,15.0,1.9,45.0,0.0,71.8,531.0,6.0,32.0,44.0,138.0,95.0,3.0
52,116.63333329999999,40.36666667,13.3,1005.0,11.0,1.8,65.0,0.0,75.7,531.0,13.0,31.0,34.0,111.0,81.0,3.0
53,117.11666670000001,40.65,8.7,980.1,16.0,3.2,31.0,0.0,293.3,531.0,4.0,46.0,44.0,245.0,148.0,3.0
54,117.11666670000001,40.16666667,11.8,1010.3,18.0,1.0,30.0,0.0,32.1,531.0,11.0,35.0,52.0,180.0,115.0,3.0
55,116.75,39.85,11.6,1011.3,20.0,1.9,23.0,0.0,19.8,531.0,13.0,23.0,61.0,95.0,73.0,3.0
56,116.5,39.95,13.2,1009.7,16.0,2.1,36.0,0.0,35.3,531.0,26.0,37.0,33.0,74.0,63.0,3.0
57,116.21666670000002,40.21666667,14.6,1005.0,10.0,1.3,25.0,0.0,76.2,531.0,11.0,29.0,20.0,34.0,41.0,3.0
58,116.1,39.93333333,12.9,1001.8,19.0,0.8,188.0,0.0,98.0,531.0,9.0,22.0,47.0,78.0,65.0,3.0
59,116.46666670000002,39.8,13.2,1009.8,17.0,1.4,66.0,0.0,31.3,531.0,7.0,24.0,51.0,88.0,70.0,3.0
60,116.2,39.95,13.8,1006.1,16.0,2.5,15.0,0.0,63.0,531.0,15.0,18.0,83.0,93.0,72.0,3.0
61,116.25,39.86666667,16.5,1006.9,10.0,2.8,65.0,0.0,55.2,531.0,11.0,24.0,54.0,97.0,74.0,3.0
62,116.35,39.71666667,14.8,1008.7,12.0,2.3,47.0,0.0,37.5,531.0,18.0,43.0,32.0,104.0,77.0,3.0
63,116.2,39.76666667,14.2,1007.5,13.0,3.0,69.0,0.0,48.9,531.0,29.0,28.0,35.0,56.0,53.0,3.0
64,116.61666670000001,40.13333333,12.8,1010.8,13.0,1.9,27.0,0.0,28.6,532.0,10.0,34.0,47.0,112.0,82.0,4.0
65,116.28333329999998,39.98333333,11.2,1008.6,27.0,0.7,48.0,0.0,45.8,532.0,9.0,21.0,27.0,55.0,53.0,4.0
66,115.96666670000002,40.45,7.8,957.7,21.0,0.7,114.0,0.0,487.9,532.0,18.0,23.0,,,79.0,4.0
67,116.86666670000001,40.38333333,12.4,1006.2,14.0,2.8,36.0,0.0,71.8,532.0,21.0,28.0,32.0,122.0,86.0,4.0
68,116.63333329999999,40.36666667,12.5,1005.3,12.0,2.8,66.0,0.0,75.7,532.0,10.0,28.0,38.0,98.0,75.0,4.0
69,117.11666670000001,40.65,7.7,980.3,17.0,1.8,41.0,0.0,293.3,532.0,20.0,42.0,22.0,225.0,138.0,4.0
70,117.11666670000001,40.16666667,9.1,1010.6,26.0,0.5,57.0,0.0,32.1,532.0,15.0,32.0,47.0,165.0,108.0,4.0
71,116.75,39.85,11.9,1011.4,18.0,1.7,355.0,0.0,19.8,532.0,15.0,22.0,33.0,91.0,71.0,4.0
72,116.5,39.95,12.3,1010.0,16.0,1.3,25.0,0.0,35.3,532.0,17.0,36.0,41.0,71.0,61.0,4.0
73,116.21666670000002,40.21666667,13.7,1005.3,11.0,2.6,61.0,0.0,76.2,532.0,7.0,26.0,25.0,34.0,38.0,4.0
74,116.1,39.93333333,10.8,1002.3,25.0,0.8,253.0,0.0,98.0,532.0,25.0,22.0,78.0,77.0,64.0,4.0
75,116.46666670000002,39.8,12.0,1010.1,18.0,1.6,48.0,0.0,31.3,532.0,9.0,24.0,55.0,86.0,68.0,4.0
76,116.2,39.95,13.2,1006.5,15.0,2.5,16.0,0.0,63.0,532.0,14.0,18.0,66.0,90.0,71.0,4.0
77,116.25,39.86666667,16.0,1007.3,10.0,2.9,54.0,0.0,55.2,532.0,12.0,23.0,57.0,93.0,72.0,4.0
78,116.35,39.71666667,13.3,1009.3,14.0,1.4,56.0,0.0,37.5,532.0,22.0,42.0,68.0,102.0,77.0,4.0
79,116.2,39.76666667,14.3,1008.1,11.0,2.1,61.0,0.0,48.9,532.0,20.0,28.0,33.0,54.0,52.0,4.0
80,116.61666670000001,40.13333333,12.1,1011.3,14.0,1.5,3.0,0.0,28.6,533.0,14.0,32.0,38.0,105.0,78.0,5.0
81,116.28333329999998,39.98333333,10.6,1009.2,23.0,1.5,42.0,0.0,45.8,533.0,18.0,20.0,28.0,53.0,52.0,5.0
82,115.96666670000002,40.45,6.9,957.9,19.0,1.0,149.0,0.0,487.9,533.0,5.0,21.0,44.0,100.0,75.0,5.0
83,116.86666670000001,40.38333333,7.9,1006.5,28.0,0.3,122.0,0.0,71.8,533.0,16.0,28.0,32.0,107.0,79.0,5.0
84,116.63333329999999,40.36666667,10.4,1005.7,20.0,1.5,107.0,0.0,75.7,533.0,14.0,25.0,32.0,85.0,68.0,5.0
85,117.11666670000001,40.65,7.6,980.4,17.0,2.1,36.0,0.0,293.3,533.0,16.0,39.0,87.0,210.0,131.0,5.0
86,117.11666670000001,40.16666667,7.2,1010.9,34.0,0.4,150.0,0.0,32.1,533.0,17.0,29.0,52.0,150.0,100.0,5.0
87,116.75,39.85,9.3,1011.9,36.0,1.4,17.0,0.0,19.8,533.0,10.0,20.0,45.0,88.0,70.0,5.0
88,116.5,39.95,10.2,1010.6,27.0,0.9,8.0,0.0,35.3,533.0,25.0,35.0,31.0,69.0,60.0,5.0
89,116.21666670000002,40.21666667,13.4,1005.7,11.0,3.5,55.0,0.0,76.2,533.0,17.0,25.0,27.0,33.0,36.0,5.0
90,116.1,39.93333333,10.2,1002.8,25.0,0.0,0.0,0.0,98.0,533.0,13.0,20.0,58.0,75.0,63.0,5.0
91,116.46666670000002,39.8,12.7,1010.5,15.0,2.0,35.0,0.0,31.3,533.0,15.0,23.0,55.0,82.0,67.0,5.0
92,116.2,39.95,12.1,1007.0,16.0,2.0,19.0,0.0,63.0,533.0,12.0,17.0,67.0,88.0,70.0,5.0
93,116.25,39.86666667,15.4,1007.8,10.0,2.6,60.0,0.0,55.2,533.0,13.0,22.0,71.0,92.0,71.0,5.0
94,116.35,39.71666667,12.5,1009.5,15.0,1.9,40.0,0.0,37.5,533.0,31.0,41.0,58.0,99.0,75.0,5.0
95,116.2,39.76666667,13.5,1008.4,11.0,2.7,55.0,0.0,48.9,533.0,24.0,28.0,36.0,53.0,52.0,5.0
96,116.61666670000001,40.13333333,10.4,1011.8,20.0,0.7,341.0,0.0,28.6,534.0,11.0,29.0,46.0,97.0,74.0,6.0
97,116.28333329999998,39.98333333,9.6,1009.6,24.0,0.1,0.0,0.0,45.8,534.0,18.0,20.0,34.0,52.0,52.0,6.0
98,115.96666670000002,40.45,6.2,958.4,29.0,0.7,113.0,0.0,487.9,534.0,25.0,21.0,47.0,94.0,73.0,6.0
99,116.86666670000001,40.38333333,6.0,1007.0,33.0,0.4,44.0,0.0,71.8,534.0,10.0,25.0,62.0,98.0,74.0,6.0
100,116.63333329999999,40.36666667,9.5,1006.2,24.0,2.1,26.0,0.0,75.7,534.0,13.0,22.0,47.0,75.0,63.0,6.0
101,117.11666670000001,40.65,5.2,980.9,24.0,2.8,44.0,0.0,293.3,534.0,4.0,36.0,24.0,195.0,123.0,6.0
102,117.11666670000001,40.16666667,7.2,1011.4,41.0,0.7,97.0,0.0,32.1,534.0,36.0,27.0,78.0,138.0,94.0,6.0
103,116.75,39.85,8.1,1012.5,56.0,1.4,354.0,0.0,19.8,534.0,8.0,19.0,86.0,88.0,70.0,6.0
104,116.5,39.95,9.3,1011.1,32.0,0.6,47.0,0.0,35.3,534.0,11.0,34.0,37.0,67.0,59.0,6.0
105,116.21666670000002,40.21666667,13.5,1006.2,11.0,1.6,360.0,0.0,76.2,534.0,11.0,24.0,22.0,32.0,34.0,6.0
106,116.1,39.93333333,9.9,1003.3,30.0,0.0,0.0,0.0,98.0,534.0,20.0,20.0,65.0,74.0,63.0,6.0
107,116.46666670000002,39.8,12.9,1011.2,15.0,1.6,46.0,0.0,31.3,534.0,9.0,21.0,50.0,81.0,66.0,6.0
108,116.2,39.95,12.0,1007.5,17.0,1.7,19.0,0.0,63.0,534.0,13.0,17.0,71.0,87.0,69.0,6.0
109,116.25,39.86666667,14.9,1008.5,11.0,3.2,56.0,0.0,55.2,534.0,14.0,20.0,67.0,88.0,69.0,6.0
110,116.35,39.71666667,13.5,1010.3,13.0,1.5,49.0,0.0,37.5,534.0,32.0,41.0,76.0,100.0,75.0,6.0
111,116.2,39.76666667,13.1,1009.2,12.0,1.6,52.0,0.0,48.9,534.0,17.0,27.0,42.0,52.0,52.0,6.0
112,116.61666670000001,40.13333333,12.9,1012.5,21.0,1.0,3.0,0.0,28.6,535.0,13.0,26.0,47.0,88.0,70.0,7.0
113,116.28333329999998,39.98333333,11.8,1010.2,26.0,0.8,99.0,0.0,45.8,535.0,15.0,20.0,52.0,51.0,51.0,7.0
114,115.96666670000002,40.45,8.3,959.1,22.0,0.7,174.0,0.0,487.9,535.0,25.0,21.0,70.0,91.0,71.0,7.0
115,116.86666670000001,40.38333333,11.3,1007.5,31.0,1.0,85.0,0.0,71.8,535.0,19.0,22.0,80.0,91.0,71.0,7.0
116,116.63333329999999,40.36666667,12.6,1006.7,16.0,2.1,50.0,0.0,75.7,535.0,16.0,20.0,51.0,66.0,59.0,7.0
117,117.11666670000001,40.65,7.6,981.4,22.0,3.2,60.0,0.0,293.3,535.0,4.0,29.0,56.0,162.0,107.0,7.0
118,117.11666670000001,40.16666667,10.5,1012.0,30.0,0.3,312.0,0.0,32.1,535.0,32.0,25.0,53.0,127.0,89.0,7.0
119,116.75,39.85,11.9,1013.2,35.0,0.9,358.0,0.0,19.8,535.0,19.0,19.0,61.0,86.0,69.0,7.0
120,116.5,39.95,12.8,1011.8,20.0,1.5,56.0,0.0,35.3,535.0,24.0,34.0,56.0,66.0,58.0,7.0
121,116.21666670000002,40.21666667,14.7,1006.7,11.0,2.4,34.0,0.0,76.2,535.0,11.0,23.0,28.0,32.0,34.0,7.0
122,116.1,39.93333333,12.4,1003.9,21.0,0.6,85.0,0.0,98.0,535.0,9.0,20.0,123.0,76.0,64.0,7.0
123,116.46666670000002,39.8,14.4,1011.9,15.0,1.5,38.0,0.0,31.3,535.0,7.0,17.0,51.0,78.0,65.0,7.0
124,116.2,39.95,13.6,1008.1,19.0,1.5,47.0,0.0,63.0,535.0,16.0,17.0,81.0,86.0,69.0,7.0
125,116.25,39.86666667,15.5,1009.2,12.0,3.1,66.0,0.0,55.2,535.0,16.0,19.0,81.0,87.0,69.0,7.0
126,116.35,39.71666667,14.8,1011.1,13.0,2.2,57.0,0.0,37.5,535.0,25.0,40.0,103.0,100.0,75.0,7.0
127,116.2,39.76666667,14.6,1009.9,14.0,2.2,70.0,0.0,48.9,535.0,19.0,27.0,48.0,52.0,51.0,7.0
128,116.61666670000001,40.13333333,15.7,1012.8,15.0,2.1,37.0,0.0,28.6,536.0,13.0,23.0,59.0,79.0,65.0,8.0
129,116.28333329999998,39.98333333,14.9,1010.7,16.0,1.5,61.0,0.0,45.8,536.0,16.0,18.0,37.0,49.0,49.0,8.0
130,115.96666670000002,40.45,11.5,959.2,16.0,1.9,99.0,0.0,487.9,536.0,26.0,20.0,63.0,84.0,68.0,8.0
131,116.86666670000001,40.38333333,15.3,1007.8,18.0,2.0,77.0,0.0,71.8,536.0,39.0,21.0,51.0,77.0,64.0,8.0
132,116.63333329999999,40.36666667,17.3,1007.1,11.0,1.9,83.0,0.0,75.7,536.0,21.0,18.0,62.0,60.0,56.0,8.0
133,117.11666670000001,40.65,12.1,981.7,15.0,2.4,63.0,0.0,293.3,536.0,12.0,22.0,,,90.0,8.0
134,117.11666670000001,40.16666667,14.4,1012.3,23.0,1.4,50.0,0.0,32.1,536.0,20.0,23.0,80.0,116.0,83.0,8.0
135,116.75,39.85,15.2,1013.7,22.0,1.5,335.0,0.0,19.8,536.0,13.0,19.0,43.0,85.0,68.0,8.0
136,116.5,39.95,15.2,1012.3,17.0,2.0,73.0,0.0,35.3,536.0,14.0,33.0,32.0,64.0,57.0,8.0
137,116.21666670000002,40.21666667,16.3,1007.1,10.0,3.1,23.0,0.0,76.2,536.0,7.0,22.0,29.0,30.0,32.0,8.0
138,116.1,39.93333333,14.9,1004.5,14.0,1.4,211.0,0.0,98.0,536.0,,,93.0,77.0,64.0,8.0
139,116.46666670000002,39.8,16.1,1012.5,11.0,3.6,42.0,0.0,31.3,536.0,12.0,14.0,53.0,76.0,63.0,8.0
140,116.2,39.95,15.7,1008.7,15.0,1.8,68.0,0.0,63.0,536.0,15.0,17.0,82.0,86.0,69.0,8.0
141,116.25,39.86666667,16.8,1009.7,12.0,2.9,48.0,0.0,55.2,536.0,12.0,19.0,63.0,87.0,69.0,8.0
142,116.35,39.71666667,16.2,1011.6,12.0,2.6,59.0,0.0,37.5,536.0,33.0,40.0,71.0,99.0,75.0,8.0
143,116.2,39.76666667,16.4,1010.4,10.0,3.5,85.0,0.0,48.9,536.0,5.0,27.0,33.0,51.0,51.0,8.0
144,116.61666670000001,40.13333333,17.3,1013.0,11.0,2.8,13.0,0.0,28.6,537.0,18.0,21.0,42.0,71.0,61.0,9.0
145,116.28333329999998,39.98333333,17.6,1010.7,13.0,1.7,132.0,0.0,45.8,537.0,16.0,18.0,24.0,46.0,46.0,9.0
146,115.96666670000002,40.45,13.3,959.2,14.0,1.5,252.0,0.0,487.9,537.0,24.0,19.0,30.0,76.0,63.0,9.0
147,116.86666670000001,40.38333333,17.2,1007.8,13.0,2.8,66.0,0.0,71.8,537.0,22.0,20.0,,,61.0,9.0
148,116.63333329999999,40.36666667,17.3,1007.1,9.0,4.0,68.0,0.0,75.7,537.0,15.0,17.0,56.0,54.0,53.0,9.0
149,117.11666670000001,40.65,15.3,981.7,10.0,4.0,15.0,0.0,293.3,537.0,3.0,16.0,5.0,92.0,71.0,9.0
150,117.11666670000001,40.16666667,17.4,1012.3,14.0,1.5,231.0,0.0,32.1,537.0,22.0,20.0,78.0,98.0,74.0,9.0
151,116.75,39.85,17.5,1013.8,10.0,3.3,13.0,0.0,19.8,537.0,3.0,17.0,52.0,80.0,65.0,9.0
152,116.5,39.95,17.2,1012.3,14.0,2.6,67.0,0.0,35.3,537.0,34.0,32.0,35.0,60.0,56.0,9.0
153,116.21666670000002,40.21666667,18.1,1007.1,12.0,1.2,14.0,0.0,76.2,537.0,8.0,21.0,16.0,29.0,31.0,9.0
154,116.1,39.93333333,16.5,1004.5,12.0,0.8,260.0,0.0,98.0,537.0,18.0,19.0,103.0,77.0,64.0,9.0
155,116.46666670000002,39.8,17.3,1012.5,10.0,3.7,37.0,0.0,31.3,537.0,6.0,13.0,43.0,71.0,61.0,9.0
156,116.2,39.95,17.0,1008.7,14.0,1.5,67.0,0.0,63.0,537.0,10.0,16.0,44.0,84.0,67.0,9.0
157,116.25,39.86666667,18.0,1009.7,11.0,2.6,74.0,0.0,55.2,537.0,13.0,19.0,43.0,85.0,68.0,9.0
158,116.35,39.71666667,17.7,1011.7,9.0,3.7,44.0,0.0,37.5,537.0,27.0,39.0,34.0,97.0,74.0,9.0
159,116.2,39.76666667,17.9,1010.5,9.0,3.6,94.0,0.0,48.9,537.0,10.0,26.0,30.0,50.0,51.0,9.0
160,116.61666670000001,40.13333333,18.5,1012.8,11.0,3.3,53.0,0.0,28.6,538.0,9.0,19.0,28.0,66.0,59.0,10.0
161,116.28333329999998,39.98333333,18.8,1010.4,10.0,1.5,140.0,0.0,45.8,538.0,15.0,18.0,27.0,43.0,44.0,10.0
162,115.96666670000002,40.45,14.5,959.0,12.0,2.2,171.0,0.0,487.9,538.0,30.0,19.0,64.0,68.0,60.0,10.0
163,116.86666670000001,40.38333333,18.9,1007.7,12.0,2.3,91.0,0.0,71.8,538.0,11.0,20.0,,,59.0,10.0
164,116.63333329999999,40.36666667,18.7,1006.9,10.0,3.8,121.0,0.0,75.7,538.0,7.0,16.0,56.0,51.0,51.0,10.0
165,117.11666670000001,40.65,16.6,981.6,9.0,2.2,84.0,0.0,293.3,538.0,10.0,13.0,,,62.0,10.0
166,117.11666670000001,40.16666667,19.0,1012.1,12.0,2.6,198.0,0.0,32.1,538.0,18.0,19.0,46.0,85.0,68.0,10.0
167,116.75,39.85,18.3,1013.5,11.0,4.9,39.0,0.0,19.8,538.0,3.0,15.0,9.0,76.0,64.0,10.0
168,116.5,39.95,18.1,1012.0,13.0,3.7,71.0,0.0,35.3,538.0,15.0,31.0,27.0,55.0,53.0,10.0
169,116.21666670000002,40.21666667,18.9,1006.8,11.0,2.7,167.0,0.0,76.2,538.0,22.0,21.0,27.0,29.0,30.0,10.0
170,116.1,39.93333333,18.2,1004.1,9.0,2.9,118.0,0.0,98.0,538.0,27.0,19.0,50.0,74.0,62.0,10.0
171,116.46666670000002,39.8,18.3,1012.2,10.0,3.8,71.0,0.0,31.3,538.0,11.0,12.0,51.0,68.0,60.0,10.0
172,116.2,39.95,18.1,1008.5,12.0,2.4,56.0,0.0,63.0,538.0,15.0,15.0,42.0,80.0,65.0,10.0
173,116.25,39.86666667,18.9,1009.4,10.0,3.3,74.0,0.0,55.2,538.0,10.0,18.0,45.0,81.0,66.0,10.0
174,116.35,39.71666667,18.4,1011.5,8.0,3.2,36.0,0.0,37.5,538.0,14.0,38.0,40.0,93.0,72.0,10.0
175,116.2,39.76666667,18.9,1010.2,9.0,3.1,82.0,0.0,48.9,538.0,12.0,25.0,25.0,49.0,50.0,10.0
176,116.61666670000001,40.13333333,19.4,1012.2,9.0,2.2,86.0,0.0,28.6,539.0,6.0,17.0,19.0,60.0,56.0,11.0
177,116.28333329999998,39.98333333,19.8,1010.0,12.0,0.9,203.0,0.0,45.8,539.0,7.0,17.0,15.0,40.0,41.0,11.0
178,115.96666670000002,40.45,16.6,958.4,11.0,1.3,318.0,0.0,487.9,539.0,30.0,19.0,35.0,58.0,55.0,11.0
179,116.86666670000001,40.38333333,19.9,1007.0,12.0,2.7,53.0,0.0,71.8,539.0,10.0,19.0,13.0,62.0,56.0,11.0
180,116.63333329999999,40.36666667,20.0,1006.3,10.0,3.0,108.0,0.0,75.7,539.0,15.0,16.0,29.0,48.0,48.0,11.0
181,117.11666670000001,40.65,17.9,981.0,9.0,2.1,356.0,0.0,293.3,539.0,3.0,11.0,5.0,59.0,55.0,11.0
182,117.11666670000001,40.16666667,19.5,1011.5,11.0,2.4,152.0,0.0,32.1,539.0,11.0,17.0,22.0,72.0,62.0,11.0
183,116.75,39.85,19.2,1013.2,10.0,3.0,354.0,0.0,19.8,539.0,4.0,14.0,16.0,73.0,62.0,11.0
184,116.5,39.95,18.3,1011.7,12.0,2.0,52.0,0.0,35.3,539.0,20.0,30.0,23.0,51.0,51.0,11.0
185,116.21666670000002,40.21666667,20.2,1006.3,10.0,3.1,120.0,0.0,76.2,539.0,9.0,19.0,33.0,29.0,29.0,11.0
186,116.1,39.93333333,19.0,1003.9,10.0,2.1,157.0,0.0,98.0,539.0,14.0,18.0,38.0,69.0,60.0,11.0
187,116.46666670000002,39.8,19.0,1011.9,10.0,2.3,29.0,0.0,31.3,539.0,12.0,12.0,28.0,66.0,59.0,11.0
188,116.2,39.95,18.9,1008.1,10.0,2.7,45.0,0.0,63.0,539.0,11.0,15.0,44.0,75.0,63.0,11.0
189,116.25,39.86666667,19.4,1009.2,11.0,1.9,69.0,0.0,55.2,539.0,19.0,17.0,44.0,76.0,64.0,11.0
190,116.35,39.71666667,19.3,1011.2,8.0,3.0,82.0,0.0,37.5,539.0,17.0,36.0,51.0,86.0,69.0,11.0
191,116.2,39.76666667,19.5,1010.0,8.0,2.6,68.0,0.0,48.9,539.0,21.0,26.0,57.0,50.0,50.0,11.0
192,116.61666670000001,40.13333333,19.6,1011.6,10.0,1.9,53.0,0.0,28.6,540.0,3.0,16.0,15.0,54.0,53.0,12.0
193,116.28333329999998,39.98333333,20.8,1009.3,12.0,1.0,72.0,0.0,45.8,540.0,18.0,16.0,,,40.0,12.0
194,115.96666670000002,40.45,17.9,957.4,10.0,1.3,26.0,0.0,487.9,540.0,13.0,18.0,15.0,51.0,51.0,12.0
195,116.86666670000001,40.38333333,20.3,1006.0,10.0,2.0,4.0,0.0,71.8,540.0,14.0,17.0,,,55.0,12.0
196,116.63333329999999,40.36666667,21.0,1005.4,9.0,2.1,120.0,0.0,75.7,540.0,19.0,15.0,,,46.0,12.0
197,117.11666670000001,40.65,18.8,979.9,8.0,3.9,120.0,0.0,293.3,540.0,3.0,10.0,17.0,51.0,51.0,12.0
198,117.11666670000001,40.16666667,20.2,1011.0,10.0,2.4,209.0,0.0,32.1,540.0,10.0,16.0,29.0,64.0,57.0,12.0
199,116.75,39.85,19.6,1012.7,9.0,0.9,11.0,0.0,19.8,540.0,3.0,13.0,5.0,69.0,60.0,12.0
200,116.5,39.95,19.0,1011.0,12.0,1.1,192.0,0.0,35.3,540.0,47.0,30.0,,,49.0,12.0
201,116.21666670000002,40.21666667,20.6,1005.6,12.0,3.2,176.0,0.0,76.2,540.0,19.0,18.0,28.0,29.0,29.0,12.0
202,116.1,39.93333333,19.2,1003.2,9.0,2.9,184.0,0.0,98.0,540.0,20.0,18.0,38.0,66.0,59.0,12.0
203,116.46666670000002,39.8,19.8,1011.3,8.0,3.0,79.0,0.0,31.3,540.0,5.0,11.0,21.0,64.0,58.0,12.0
204,116.2,39.95,19.6,1007.5,9.0,1.4,153.0,0.0,63.0,540.0,17.0,14.0,41.0,71.0,61.0,12.0
205,116.25,39.86666667,20.4,1008.5,10.0,2.5,85.0,0.0,55.2,540.0,12.0,17.0,36.0,71.0,61.0,12.0
206,116.35,39.71666667,20.2,1010.7,8.0,3.0,88.0,0.0,37.5,540.0,29.0,34.0,44.0,76.0,64.0,12.0
207,116.2,39.76666667,20.4,1009.4,7.0,2.0,104.0,0.0,48.9,540.0,23.0,26.0,,,50.0,12.0
208,116.61666670000001,40.13333333,21.0,1010.7,9.0,2.8,140.0,0.0,28.6,541.0,3.0,14.0,18.0,49.0,50.0,13.0
209,116.28333329999998,39.98333333,22.2,1008.6,13.0,1.1,138.0,0.0,45.8,541.0,8.0,16.0,11.0,38.0,39.0,13.0
210,115.96666670000002,40.45,18.8,956.3,9.0,0.9,306.0,0.0,487.9,541.0,3.0,17.0,25.0,48.0,49.0,13.0
211,116.86666670000001,40.38333333,21.4,1005.1,10.0,1.2,157.0,0.0,71.8,541.0,10.0,17.0,,,54.0,13.0
212,116.63333329999999,40.36666667,21.3,1004.6,8.0,2.6,179.0,0.0,75.7,541.0,9.0,14.0,22.0,44.0,44.0,13.0
213,117.11666670000001,40.65,19.9,978.8,8.0,3.8,97.0,0.0,293.3,541.0,5.0,9.0,,,47.0,13.0
214,117.11666670000001,40.16666667,21.1,1010.2,12.0,2.3,251.0,0.0,32.1,541.0,11.0,15.0,28.0,59.0,55.0,13.0
215,116.75,39.85,20.7,1012.0,12.0,3.5,187.0,0.0,19.8,541.0,3.0,12.0,5.0,65.0,58.0,13.0
216,116.5,39.95,20.0,1010.3,11.0,1.2,204.0,0.0,35.3,541.0,24.0,29.0,,,47.0,13.0
217,116.21666670000002,40.21666667,21.0,1004.9,12.0,3.3,156.0,0.0,76.2,541.0,24.0,18.0,36.0,29.0,30.0,13.0
218,116.1,39.93333333,20.4,1002.4,9.0,1.3,152.0,0.0,98.0,541.0,19.0,17.0,37.0,63.0,57.0,13.0
219,116.46666670000002,39.8,20.7,1010.7,7.0,2.2,130.0,0.0,31.3,541.0,13.0,12.0,35.0,60.0,55.0,13.0
220,116.2,39.95,20.5,1006.7,10.0,1.5,128.0,0.0,63.0,541.0,15.0,14.0,40.0,68.0,59.0,13.0
221,116.25,39.86666667,21.2,1007.8,12.0,2.0,184.0,0.0,55.2,541.0,14.0,17.0,38.0,65.0,58.0,13.0
222,116.35,39.71666667,20.8,1010.0,7.0,1.5,153.0,0.0,37.5,541.0,16.0,32.0,25.0,66.0,59.0,13.0
223,116.2,39.76666667,20.1,1008.8,7.0,2.1,137.0,0.0,48.9,541.0,21.0,26.0,29.0,49.0,49.0,13.0
224,116.61666670000001,40.13333333,21.5,1010.2,8.0,3.1,203.0,0.0,28.6,542.0,3.0,14.0,14.0,46.0,46.0,14.0
225,116.28333329999998,39.98333333,22.3,1008.0,11.0,2.1,213.0,0.0,45.8,542.0,12.0,16.0,19.0,37.0,37.0,14.0
226,115.96666670000002,40.45,19.7,955.6,8.0,4.3,153.0,0.0,487.9,542.0,12.0,18.0,37.0,46.0,47.0,14.0
227,116.86666670000001,40.38333333,22.7,1004.3,10.0,1.7,2.0,0.0,71.8,542.0,,,9.0,47.0,47.0,14.0
228,116.63333329999999,40.36666667,21.9,1004.3,9.0,3.1,196.0,0.0,75.7,542.0,14.0,14.0,,,43.0,14.0
229,117.11666670000001,40.65,20.5,978.3,7.0,2.6,126.0,0.0,293.3,542.0,7.0,8.0,,,45.0,14.0
230,117.11666670000001,40.16666667,21.7,1010.0,12.0,3.4,217.0,0.0,32.1,542.0,13.0,15.0,53.0,57.0,54.0,14.0
231,116.75,39.85,20.8,1011.6,12.0,3.9,197.0,0.0,19.8,542.0,,,27.0,63.0,57.0,14.0
232,116.5,39.95,21.4,1009.6,11.0,2.6,124.0,0.0,35.3,542.0,22.0,29.0,23.0,42.0,42.0,14.0
233,116.21666670000002,40.21666667,21.5,1004.3,11.0,2.6,127.0,0.0,76.2,542.0,22.0,17.0,29.0,29.0,30.0,14.0
234,116.1,39.93333333,20.5,1002.0,10.0,3.6,200.0,0.0,98.0,542.0,23.0,17.0,46.0,62.0,57.0,14.0
235,116.46666670000002,39.8,21.4,1010.1,9.0,4.2,224.0,0.0,31.3,542.0,10.0,11.0,29.0,56.0,53.0,14.0
236,116.2,39.95,20.9,1006.2,9.0,3.2,180.0,0.0,63.0,542.0,21.0,14.0,48.0,66.0,58.0,14.0
237,116.25,39.86666667,21.6,1007.3,10.0,3.3,202.0,0.0,55.2,542.0,15.0,16.0,43.0,61.0,56.0,14.0
238,116.35,39.71666667,21.1,1009.5,8.0,2.1,208.0,0.0,37.5,542.0,9.0,30.0,35.0,62.0,57.0,14.0
239,116.2,39.76666667,21.0,1008.2,8.0,2.6,110.0,0.0,48.9,542.0,30.0,26.0,,,50.0,14.0
240,116.61666670000001,40.13333333,21.8,1009.5,8.0,3.0,173.0,0.0,28.6,543.0,14.0,13.0,16.0,43.0,44.0,15.0
241,116.28333329999998,39.98333333,22.3,1007.3,11.0,2.5,221.0,0.0,45.8,543.0,19.0,16.0,23.0,36.0,37.0,15.0
242,115.96666670000002,40.45,18.8,955.2,10.0,4.1,146.0,0.0,487.9,543.0,13.0,18.0,49.0,47.0,48.0,15.0
243,116.86666670000001,40.38333333,22.5,1004.0,11.0,2.8,235.0,0.0,71.8,543.0,24.0,17.0,52.0,44.0,45.0,15.0
244,116.63333329999999,40.36666667,22.0,1003.6,9.0,4.6,240.0,0.0,75.7,543.0,14.0,14.0,26.0,41.0,42.0,15.0
245,117.11666670000001,40.65,21.9,977.5,6.0,3.1,222.0,0.0,293.3,543.0,6.0,8.0,14.0,41.0,42.0,15.0
246,117.11666670000001,40.16666667,21.6,1009.5,13.0,3.2,187.0,0.0,32.1,543.0,15.0,14.0,55.0,53.0,52.0,15.0
247,116.75,39.85,20.7,1011.0,13.0,4.5,166.0,0.0,19.8,543.0,13.0,11.0,81.0,53.0,52.0,15.0
248,116.5,39.95,21.2,1009.0,10.0,4.3,218.0,0.0,35.3,543.0,23.0,27.0,28.0,40.0,40.0,15.0
249,116.21666670000002,40.21666667,22.2,1003.7,10.0,4.5,183.0,0.0,76.2,543.0,25.0,16.0,38.0,30.0,30.0,15.0
250,116.1,39.93333333,20.7,1001.3,10.0,3.5,237.0,0.0,98.0,543.0,8.0,17.0,60.0,62.0,57.0,15.0
251,116.46666670000002,39.8,21.4,1009.6,11.0,3.9,190.0,0.0,31.3,543.0,15.0,11.0,40.0,53.0,52.0,15.0
252,116.2,39.95,21.0,1005.5,10.0,3.7,171.0,0.0,63.0,543.0,18.0,14.0,59.0,63.0,57.0,15.0
253,116.25,39.86666667,21.7,1006.6,13.0,2.0,213.0,0.0,55.2,543.0,16.0,16.0,57.0,61.0,56.0,15.0
254,116.35,39.71666667,21.0,1008.8,10.0,3.0,126.0,0.0,37.5,543.0,34.0,29.0,60.0,60.0,56.0,15.0
255,116.2,39.76666667,21.0,1007.5,10.0,3.2,165.0,0.0,48.9,543.0,26.0,25.0,36.0,49.0,49.0,15.0
256,116.61666670000001,40.13333333,21.7,1008.9,10.0,4.1,202.0,0.0,28.6,544.0,4.0,13.0,48.0,40.0,41.0,16.0
257,116.28333329999998,39.98333333,21.5,1006.8,13.0,2.7,219.0,0.0,45.8,544.0,16.0,16.0,30.0,36.0,36.0,16.0
258,115.96666670000002,40.45,18.9,954.9,10.0,4.6,120.0,0.0,487.9,544.0,12.0,17.0,57.0,47.0,47.0,16.0
259,116.86666670000001,40.38333333,21.6,1003.7,12.0,2.4,172.0,0.0,71.8,544.0,7.0,16.0,54.0,44.0,45.0,16.0
260,116.63333329999999,40.36666667,21.7,1003.2,9.0,4.0,247.0,0.0,75.7,544.0,14.0,14.0,30.0,40.0,41.0,16.0
261,117.11666670000001,40.65,20.5,977.3,10.0,6.4,225.0,0.0,293.3,544.0,5.0,7.0,44.0,40.0,41.0,16.0
262,117.11666670000001,40.16666667,21.1,1009.1,12.0,2.8,211.0,0.0,32.1,544.0,15.0,14.0,56.0,52.0,51.0,16.0
263,116.75,39.85,20.5,1010.5,14.0,4.2,207.0,0.0,19.8,544.0,20.0,12.0,64.0,48.0,48.0,16.0
264,116.5,39.95,21.2,1008.5,14.0,2.1,198.0,0.0,35.3,544.0,23.0,27.0,51.0,39.0,40.0,16.0
265,116.21666670000002,40.21666667,21.6,1003.1,11.0,2.2,183.0,0.0,76.2,544.0,43.0,17.0,310.0,42.0,42.0,16.0
266,116.1,39.93333333,20.0,1000.8,11.0,6.6,221.0,0.0,98.0,544.0,14.0,16.0,73.0,63.0,57.0,16.0
267,116.46666670000002,39.8,21.2,1009.1,11.0,3.9,220.0,0.0,31.3,544.0,8.0,11.0,53.0,52.0,51.0,16.0
268,116.2,39.95,21.3,1005.0,13.0,3.0,230.0,0.0,63.0,544.0,24.0,15.0,82.0,64.0,57.0,16.0
269,116.25,39.86666667,21.5,1006.3,13.0,4.2,201.0,0.0,55.2,544.0,16.0,16.0,74.0,61.0,56.0,16.0
270,116.35,39.71666667,20.7,1008.5,10.0,2.8,178.0,0.0,37.5,544.0,21.0,27.0,66.0,60.0,55.0,16.0
271,116.2,39.76666667,20.2,1007.2,12.0,4.4,199.0,0.0,48.9,544.0,22.0,25.0,41.0,48.0,48.0,16.0
272,116.61666670000001,40.13333333,21.2,1008.9,11.0,3.6,177.0,0.0,28.6,545.0,13.0,13.0,60.0,40.0,40.0,17.0
273,116.28333329999998,39.98333333,20.6,1006.7,15.0,3.4,226.0,0.0,45.8,545.0,22.0,16.0,37.0,36.0,36.0,17.0
274,115.96666670000002,40.45,17.8,954.7,11.0,5.3,118.0,0.0,487.9,545.0,23.0,18.0,61.0,48.0,49.0,17.0
275,116.86666670000001,40.38333333,21.0,1003.8,12.0,2.2,198.0,0.0,71.8,545.0,9.0,15.0,76.0,46.0,46.0,17.0
276,116.63333329999999,40.36666667,21.4,1003.1,10.0,1.8,218.0,0.0,75.7,545.0,18.0,13.0,37.0,39.0,39.0,17.0
277,117.11666670000001,40.65,19.3,977.5,11.0,7.9,216.0,0.0,293.3,545.0,13.0,7.0,63.0,41.0,42.0,17.0
278,117.11666670000001,40.16666667,20.5,1009.1,14.0,4.0,191.0,0.0,32.1,545.0,19.0,14.0,68.0,52.0,51.0,17.0
279,116.75,39.85,20.3,1010.4,13.0,3.6,162.0,0.0,19.8,545.0,21.0,12.0,63.0,45.0,45.0,17.0
280,116.5,39.95,20.4,1008.5,13.0,3.6,204.0,0.0,35.3,545.0,30.0,27.0,58.0,39.0,40.0,17.0
281,116.21666670000002,40.21666667,20.9,1003.0,11.0,5.5,173.0,0.0,76.2,545.0,25.0,17.0,157.0,46.0,47.0,17.0
282,116.1,39.93333333,19.6,1000.7,12.0,3.8,215.0,0.0,98.0,545.0,20.0,17.0,86.0,65.0,58.0,17.0
283,116.46666670000002,39.8,20.8,1008.8,11.0,3.1,175.0,0.0,31.3,545.0,13.0,11.0,63.0,51.0,51.0,17.0
284,116.2,39.95,19.9,1004.9,13.0,5.6,197.0,0.0,63.0,545.0,26.0,15.0,114.0,65.0,58.0,17.0
285,116.25,39.86666667,20.4,1006.2,13.0,3.2,217.0,0.0,55.2,545.0,24.0,17.0,95.0,62.0,56.0,17.0
286,116.35,39.71666667,20.6,1008.3,10.0,4.1,182.0,0.0,37.5,545.0,24.0,27.0,70.0,61.0,56.0,17.0
287,116.2,39.76666667,19.8,1007.1,11.0,4.4,203.0,0.0,48.9,545.0,22.0,24.0,35.0,47.0,48.0,17.0
288,116.61666670000001,40.13333333,20.0,1009.0,12.0,3.6,193.0,0.0,28.6,546.0,28.0,13.0,77.0,41.0,41.0,18.0
289,116.28333329999998,39.98333333,19.0,1006.7,15.0,2.3,239.0,0.0,45.8,546.0,24.0,17.0,32.0,36.0,36.0,18.0
290,115.96666670000002,40.45,17.1,955.0,12.0,3.3,134.0,0.0,487.9,546.0,19.0,18.0,71.0,50.0,51.0,18.0
291,116.86666670000001,40.38333333,19.6,1003.9,15.0,2.6,199.0,0.0,71.8,546.0,33.0,16.0,85.0,48.0,49.0,18.0
292,116.63333329999999,40.36666667,20.0,1003.3,13.0,3.2,216.0,0.0,75.7,546.0,28.0,14.0,87.0,40.0,41.0,18.0
293,117.11666670000001,40.65,18.2,977.8,13.0,6.1,221.0,0.0,293.3,546.0,27.0,8.0,61.0,42.0,43.0,18.0
294,117.11666670000001,40.16666667,19.5,1009.2,15.0,2.9,214.0,0.0,32.1,546.0,16.0,15.0,73.0,52.0,51.0,18.0
295,116.75,39.85,19.7,1010.2,14.0,3.2,182.0,0.0,19.8,546.0,16.0,12.0,20.0,42.0,43.0,18.0
296,116.5,39.95,19.9,1008.3,13.0,2.1,216.0,0.0,35.3,546.0,36.0,27.0,51.0,40.0,40.0,18.0
297,116.21666670000002,40.21666667,19.7,1003.2,14.0,3.2,153.0,0.0,76.2,546.0,30.0,17.0,126.0,50.0,51.0,18.0
298,116.1,39.93333333,18.9,1000.7,13.0,4.6,231.0,0.0,98.0,546.0,30.0,17.0,80.0,66.0,58.0,18.0
299,116.46666670000002,39.8,20.3,1008.7,11.0,2.9,234.0,0.0,31.3,546.0,15.0,11.0,61.0,51.0,51.0,18.0
300,116.2,39.95,19.2,1004.8,13.0,4.2,200.0,0.0,63.0,546.0,25.0,16.0,107.0,67.0,59.0,18.0
301,116.25,39.86666667,19.8,1006.0,14.0,1.9,209.0,0.0,55.2,546.0,31.0,18.0,71.0,62.0,56.0,18.0
302,116.35,39.71666667,20.2,1008.1,11.0,1.7,218.0,0.0,37.5,546.0,26.0,27.0,64.0,62.0,57.0,18.0
303,116.2,39.76666667,19.1,1006.9,13.0,4.3,216.0,0.0,48.9,546.0,16.0,23.0,46.0,48.0,48.0,18.0
304,116.61666670000001,40.13333333,18.7,1009.3,14.0,1.5,161.0,0.0,28.6,547.0,26.0,13.0,58.0,41.0,41.0,19.0
305,116.28333329999998,39.98333333,18.2,1007.0,16.0,1.9,225.0,0.0,45.8,547.0,23.0,17.0,38.0,36.0,36.0,19.0
306,115.96666670000002,40.45,15.6,955.2,14.0,2.0,135.0,0.0,487.9,547.0,30.0,19.0,64.0,51.0,51.0,19.0
307,116.86666670000001,40.38333333,17.8,1004.3,19.0,1.4,152.0,0.0,71.8,547.0,29.0,17.0,81.0,50.0,51.0,19.0
308,116.63333329999999,40.36666667,18.6,1003.6,15.0,1.9,219.0,0.0,75.7,547.0,31.0,15.0,81.0,43.0,44.0,19.0
309,117.11666670000001,40.65,16.3,978.1,16.0,4.8,219.0,0.0,293.3,547.0,23.0,9.0,90.0,46.0,46.0,19.0
310,117.11666670000001,40.16666667,18.0,1009.5,17.0,1.0,119.0,0.0,32.1,547.0,18.0,15.0,63.0,53.0,52.0,19.0
311,116.75,39.85,17.7,1010.6,21.0,2.4,130.0,0.0,19.8,547.0,11.0,12.0,47.0,42.0,43.0,19.0
312,116.5,39.95,19.2,1008.6,14.0,1.9,223.0,0.0,35.3,547.0,32.0,27.0,59.0,40.0,41.0,19.0
313,116.21666670000002,40.21666667,18.8,1003.4,14.0,2.7,162.0,0.0,76.2,547.0,33.0,18.0,105.0,53.0,52.0,19.0
314,116.1,39.93333333,18.2,1001.0,13.0,3.6,183.0,0.0,98.0,547.0,31.0,18.0,93.0,68.0,59.0,19.0
315,116.46666670000002,39.8,18.9,1009.0,14.0,1.9,223.0,0.0,31.3,547.0,22.0,11.0,62.0,50.0,51.0,19.0
316,116.2,39.95,18.7,1005.1,14.0,3.1,203.0,0.0,63.0,547.0,33.0,16.0,113.0,69.0,60.0,19.0
317,116.25,39.86666667,18.5,1006.3,19.0,0.9,229.0,0.0,55.2,547.0,29.0,18.0,98.0,63.0,57.0,19.0
318,116.35,39.71666667,18.9,1008.4,13.0,1.3,232.0,0.0,37.5,547.0,28.0,27.0,169.0,66.0,58.0,19.0
319,116.2,39.76666667,17.4,1007.2,16.0,1.7,220.0,0.0,48.9,547.0,27.0,24.0,45.0,48.0,49.0,19.0
320,116.61666670000001,40.13333333,17.6,1009.9,17.0,1.5,139.0,0.0,28.6,548.0,26.0,13.0,80.0,43.0,43.0,20.0
321,116.28333329999998,39.98333333,17.5,1007.4,17.0,2.2,230.0,0.0,45.8,548.0,24.0,18.0,41.0,36.0,37.0,20.0
322,115.96666670000002,40.45,13.9,956.0,18.0,1.3,72.0,0.0,487.9,548.0,25.0,20.0,64.0,49.0,49.0,20.0
323,116.86666670000001,40.38333333,14.4,1004.8,24.0,0.2,0.0,0.0,71.8,548.0,20.0,17.0,75.0,52.0,52.0,20.0
324,116.63333329999999,40.36666667,15.7,1004.4,23.0,1.0,40.0,0.0,75.7,548.0,34.0,16.0,88.0,46.0,46.0,20.0
325,117.11666670000001,40.65,15.0,978.8,20.0,3.7,255.0,0.0,293.3,548.0,16.0,9.0,70.0,48.0,48.0,20.0
326,117.11666670000001,40.16666667,15.1,1010.2,23.0,0.9,127.0,0.0,32.1,548.0,28.0,16.0,95.0,55.0,53.0,20.0
327,116.75,39.85,15.9,1011.3,25.0,2.1,139.0,0.0,19.8,548.0,,,134.0,46.0,47.0,20.0
328,116.5,39.95,18.4,1009.1,15.0,1.7,246.0,0.0,35.3,548.0,31.0,27.0,60.0,41.0,41.0,20.0
329,116.21666670000002,40.21666667,18.1,1003.9,15.0,1.5,114.0,0.0,76.2,548.0,37.0,19.0,115.0,57.0,54.0,20.0
330,116.1,39.93333333,16.5,1001.4,16.0,1.6,165.0,0.0,98.0,548.0,30.0,19.0,123.0,71.0,61.0,20.0
331,116.46666670000002,39.8,17.9,1009.6,17.0,2.6,190.0,0.0,31.3,548.0,22.0,12.0,67.0,50.0,51.0,20.0
332,116.2,39.95,18.0,1005.5,16.0,3.0,206.0,0.0,63.0,548.0,35.0,17.0,135.0,71.0,61.0,20.0
333,116.25,39.86666667,17.8,1006.7,18.0,1.3,218.0,0.0,55.2,548.0,33.0,19.0,115.0,64.0,58.0,20.0
334,116.35,39.71666667,17.2,1009.0,18.0,1.3,214.0,0.0,37.5,548.0,34.0,27.0,96.0,67.0,59.0,20.0
335,116.2,39.76666667,15.9,1007.6,18.0,2.1,202.0,0.0,48.9,548.0,35.0,24.0,67.0,49.0,49.0,20.0
336,116.61666670000001,40.13333333,16.5,1010.7,24.0,2.5,146.0,0.0,28.6,549.0,79.0,16.0,115.0,45.0,46.0,21.0
337,116.28333329999998,39.98333333,16.6,1008.1,20.0,1.2,220.0,0.0,45.8,549.0,28.0,18.0,50.0,36.0,36.0,21.0
338,115.96666670000002,40.45,12.1,956.7,22.0,0.9,51.0,0.0,487.9,549.0,33.0,21.0,64.0,50.0,50.0,21.0
339,116.86666670000001,40.38333333,15.8,1005.6,22.0,1.8,210.0,0.0,71.8,549.0,21.0,17.0,68.0,54.0,52.0,21.0
340,116.63333329999999,40.36666667,13.3,1005.1,31.0,1.4,328.0,0.0,75.7,549.0,35.0,17.0,104.0,49.0,49.0,21.0
341,117.11666670000001,40.65,13.8,979.5,22.0,1.9,271.0,0.0,293.3,549.0,18.0,10.0,74.0,47.0,48.0,21.0
342,117.11666670000001,40.16666667,13.2,1011.1,30.0,1.5,77.0,0.0,32.1,549.0,27.0,17.0,108.0,58.0,54.0,21.0
343,116.75,39.85,14.5,1012.1,28.0,2.2,135.0,0.0,19.8,549.0,73.0,15.0,121.0,49.0,49.0,21.0
344,116.5,39.95,17.8,1010.0,18.0,3.1,207.0,0.0,35.3,549.0,34.0,28.0,81.0,43.0,43.0,21.0
345,116.21666670000002,40.21666667,16.0,1004.6,19.0,1.1,94.0,0.0,76.2,549.0,35.0,20.0,93.0,59.0,55.0,21.0
346,116.1,39.93333333,13.7,1002.0,27.0,0.5,195.0,0.0,98.0,549.0,44.0,20.0,169.0,74.0,62.0,21.0
347,116.46666670000002,39.8,16.5,1010.4,19.0,2.8,191.0,0.0,31.3,549.0,23.0,12.0,100.0,51.0,51.0,21.0
348,116.2,39.95,16.0,1006.2,19.0,1.7,197.0,0.0,63.0,549.0,46.0,18.0,172.0,75.0,63.0,21.0
349,116.25,39.86666667,16.5,1007.4,22.0,1.5,209.0,0.0,55.2,549.0,46.0,20.0,156.0,68.0,60.0,21.0
350,116.35,39.71666667,16.0,1009.7,20.0,1.8,173.0,0.0,37.5,549.0,42.0,27.0,121.0,69.0,60.0,21.0
351,116.2,39.76666667,15.4,1008.2,23.0,2.7,190.0,0.0,48.9,549.0,48.0,25.0,96.0,50.0,51.0,21.0
352,116.61666670000001,40.13333333,15.3,1011.2,26.0,1.8,153.0,0.0,28.6,550.0,46.0,17.0,102.0,48.0,49.0,22.0
353,116.28333329999998,39.98333333,16.6,1008.6,20.0,2.3,227.0,0.0,45.8,550.0,34.0,19.0,62.0,34.0,38.0,22.0
354,115.96666670000002,40.45,11.8,957.0,21.0,1.1,62.0,0.0,487.9,550.0,24.0,20.0,69.0,50.0,51.0,22.0
355,116.86666670000001,40.38333333,14.5,1006.1,26.0,0.1,0.0,0.0,71.8,550.0,30.0,18.0,106.0,56.0,53.0,22.0
356,116.63333329999999,40.36666667,12.1,1005.8,38.0,1.2,20.0,0.0,75.7,550.0,38.0,18.0,126.0,53.0,52.0,22.0
357,117.11666670000001,40.65,11.8,980.0,25.0,2.7,246.0,0.0,293.3,550.0,22.0,10.0,92.0,49.0,50.0,22.0
358,117.11666670000001,40.16666667,13.4,1011.6,29.0,2.3,91.0,0.0,32.1,550.0,25.0,17.0,99.0,59.0,55.0,22.0
359,116.75,39.85,13.5,1012.5,28.0,1.9,156.0,0.0,19.8,550.0,111.0,19.0,,,49.0,22.0
360,116.5,39.95,16.6,1010.4,20.0,1.9,203.0,0.0,35.3,550.0,42.0,28.0,101.0,45.0,46.0,22.0
361,116.21666670000002,40.21666667,14.9,1004.9,21.0,0.8,53.0,0.0,76.2,550.0,40.0,20.0,100.0,62.0,56.0,22.0
362,116.1,39.93333333,12.1,1002.4,33.0,1.0,191.0,0.0,98.0,550.0,41.0,21.0,197.0,79.0,65.0,22.0
363,116.46666670000002,39.8,15.4,1010.9,20.0,1.7,201.0,0.0,31.3,550.0,30.0,13.0,97.0,52.0,52.0,22.0
364,116.2,39.95,16.0,1006.7,23.0,2.5,187.0,0.0,63.0,550.0,49.0,20.0,208.0,80.0,66.0,22.0
365,116.25,39.86666667,15.9,1008.0,23.0,1.3,214.0,0.0,55.2,550.0,77.0,22.0,143.0,71.0,61.0,22.0
366,116.35,39.71666667,14.4,1010.1,22.0,1.1,173.0,0.0,37.5,550.0,38.0,27.0,101.0,71.0,61.0,22.0
367,116.2,39.76666667,14.8,1008.8,22.0,2.3,194.0,0.0,48.9,550.0,54.0,26.0,97.0,52.0,51.0,22.0
368,116.61666670000001,40.13333333,14.3,1011.2,27.0,1.8,145.0,0.0,28.6,551.0,38.0,18.0,89.0,50.0,51.0,23.0
369,116.28333329999998,39.98333333,15.6,1008.5,21.0,1.8,223.0,0.0,45.8,551.0,28.0,18.0,54.0,34.0,34.0,23.0
370,115.96666670000002,40.45,11.0,956.8,25.0,1.2,57.0,0.0,487.9,551.0,27.0,21.0,62.0,52.0,51.0,23.0
371,116.86666670000001,40.38333333,14.3,1006.0,24.0,0.4,167.0,0.0,71.8,551.0,31.0,19.0,97.0,58.0,54.0,23.0
372,116.63333329999999,40.36666667,13.2,1005.8,30.0,1.6,91.0,0.0,75.7,551.0,47.0,19.0,131.0,58.0,55.0,23.0
373,117.11666670000001,40.65,12.2,979.8,25.0,2.6,243.0,0.0,293.3,551.0,30.0,11.0,81.0,50.0,51.0,23.0
374,117.11666670000001,40.16666667,13.2,1011.6,29.0,2.3,94.0,0.0,32.1,551.0,26.0,18.0,97.0,62.0,56.0,23.0
375,116.75,39.85,11.4,1012.4,34.0,1.6,134.0,0.0,19.8,551.0,73.0,22.0,75.0,51.0,51.0,23.0
376,116.5,39.95,15.2,1010.4,22.0,1.3,148.0,0.0,35.3,551.0,49.0,28.0,78.0,47.0,47.0,23.0
377,116.21666670000002,40.21666667,15.3,1005.1,22.0,2.3,102.0,0.0,76.2,551.0,45.0,22.0,112.0,64.0,58.0,23.0
378,116.1,39.93333333,14.6,1002.4,24.0,2.4,218.0,0.0,98.0,551.0,54.0,23.0,152.0,83.0,67.0,23.0
379,116.46666670000002,39.8,14.4,1010.7,23.0,1.7,186.0,0.0,31.3,551.0,27.0,13.0,86.0,54.0,53.0,23.0
380,116.2,39.95,15.3,1006.7,22.0,1.9,185.0,0.0,63.0,551.0,52.0,21.0,180.0,86.0,68.0,23.0
381,116.25,39.86666667,14.2,1007.9,27.0,1.6,175.0,0.0,55.2,551.0,26.0,21.0,87.0,71.0,61.0,23.0
382,116.35,39.71666667,12.6,1009.9,27.0,1.0,146.0,0.0,37.5,551.0,42.0,27.0,107.0,72.0,62.0,23.0
383,116.2,39.76666667,13.1,1008.6,26.0,1.5,208.0,0.0,48.9,551.0,43.0,27.0,61.0,52.0,51.0,23.0
